DATE (MM/DD/YYYY),TOT Global Horizontal [kW-hr/m^2],MAX Global Horizontal [W/m^2]
4/6/2010,6.2246,987.0530
4/7/2010,7.5837,993.2870
4/8/2010,7.6080,995.0640
4/9/2010,6.9886,976.9280
4/10/2010,5.6336,1221.0700
4/11/2010,2.4796,605.6660
4/12/2010,6.9358,1119.7300
4/13/2010,7.5099,1103.6300
4/14/2010,7.5191,1027.4100
4/15/2010,6.6050,1013.2200
4/16/2010,7.4990,1000.2200
4/17/2010,6.6699,1072.4900
4/18/2010,6.9684,1071.9300
4/19/2010,7.2160,993.8390
4/20/2010,2.9804,731.3720
4/21/2010,6.8692,1084.1800
4/22/2010,4.7780,975.6830
4/23/2010,7.9726,1014.3100
4/24/2010,7.3498,1037.1000
4/25/2010,6.5108,1253.9700
4/26/2010,4.0425,929.1440
4/27/2010,3.7162,1003.5800
4/28/2010,8.1618,1028.3100
4/29/2010,8.2916,1038.1800
4/30/2010,8.3104,1034.8600
5/1/2010,8.2171,1022.8400
5/2/2010,8.0648,1011.3000
5/3/2010,8.1273,1015.1500
5/4/2010,8.0644,1250.3700
5/5/2010,7.7971,1077.6200
5/6/2010,8.1863,1021.0000
5/7/2010,8.2447,1019.2900
5/8/2010,8.2907,1032.6600
5/9/2010,6.9386,1244.8700
5/10/2010,8.0471,1021.9000
5/11/2010,8.5222,1050.0100
5/12/2010,8.3612,1042.5300
5/13/2010,8.1333,1026.2300
5/14/2010,7.3138,1116.2000
5/15/2010,5.1410,1346.3900
5/16/2010,4.7878,1222.5700
5/17/2010,3.4252,1404.1900
5/18/2010,3.7205,1027.6800
5/19/2010,5.3757,1182.9000
5/20/2010,8.2589,1018.0100
5/21/2010,8.2178,1029.4800
5/22/2010,8.6737,1043.9200
5/23/2010,7.6843,1332.0900
5/24/2010,8.0225,1104.8100
5/25/2010,8.5482,1174.9500
5/26/2010,7.8198,1162.7800
5/27/2010,5.3330,1079.6400
5/28/2010,7.4945,1313.1300
5/29/2010,8.8526,1054.1000
5/30/2010,8.8344,1053.1900
5/31/2010,8.3094,1028.6500
6/1/2010,6.9085,1102.0700
6/2/2010,6.2447,1313.5800
6/3/2010,6.0035,1088.1200
6/4/2010,5.1636,1069.8100
6/5/2010,6.3519,1128.0300
6/6/2010,5.6420,1391.7800
6/7/2010,4.8592,1219.5500
6/8/2010,4.4939,945.6180
6/9/2010,7.3503,1192.1600
6/10/2010,7.9110,1032.3800
6/11/2010,8.1463,1091.5200
6/12/2010,6.9135,1162.9500
6/13/2010,4.2971,1324.7200
6/14/2010,5.5931,1324.8200
6/15/2010,7.4854,1145.1800
6/16/2010,7.4033,1226.9000
6/17/2010,8.1632,1042.8000
6/18/2010,7.3106,1100.0200
6/19/2010,7.5888,1071.4200
6/20/2010,8.7045,1031.1500
6/21/2010,6.7523,1316.1200
6/22/2010,7.3952,1139.5500
6/23/2010,7.7880,1039.1800
6/24/2010,7.8885,1039.5400
6/25/2010,7.7570,1055.4600
6/26/2010,6.0105,1116.0900
6/27/2010,6.0158,1267.7800
6/28/2010,4.9363,1183.9000
6/29/2010,3.6710,1023.0500
6/30/2010,3.5585,1297.2600
7/1/2010,6.0108,1302.5300
7/2/2010,7.8457,1398.0600
7/3/2010,5.4242,1181.7700
7/4/2010,6.2248,1337.6800
7/5/2010,3.9619,993.4420
7/6/2010,4.9931,921.7460
7/7/2010,4.3077,866.6880
7/8/2010,3.3426,881.1080
7/9/2010,4.2527,854.2450
7/10/2010,4.7788,1292.7700
7/11/2010,4.3094,1291.8400
7/12/2010,5.4297,1205.4000
7/13/2010,8.3436,998.9860
7/14/2010,8.2385,988.2300
7/15/2010,8.0735,972.8410
7/16/2010,6.7922,1093.1500
7/17/2010,8.0595,972.4760
7/18/2010,8.0635,980.4560
7/19/2010,7.6744,982.7810
7/20/2010,0.0003,0.3368
7/21/2010,0.0000,0.0463
7/22/2010,0.3707,444.3090
7/23/2010,5.8330,1334.6400
7/24/2010,7.8188,1129.7600
7/25/2010,5.7630,1281.0300
7/26/2010,4.8713,1104.5200
7/27/2010,5.3381,1294.0000
7/28/2010,8.0904,1012.2600
7/29/2010,8.2032,1003.1700
7/30/2010,7.0853,1228.4500
7/31/2010,5.3553,1143.8100
8/1/2010,6.8797,1207.6400
8/2/2010,6.0277,1340.1700
8/3/2010,7.5106,1217.8500
8/4/2010,7.2790,1026.9100
8/5/2010,6.7352,1017.0400
8/6/2010,6.7602,1075.4300
8/7/2010,6.5778,1138.9800
8/8/2010,6.9713,1054.6400
8/9/2010,7.4847,1083.7600
8/10/2010,7.3556,1016.1700
8/11/2010,7.2563,1013.1200
8/12/2010,7.2990,1002.9500
8/13/2010,6.6146,1287.2900
8/14/2010,7.3379,1091.8800
8/15/2010,7.2732,1248.3300
8/16/2010,7.6102,1044.1200
8/17/2010,7.4121,937.8470
8/18/2010,7.0350,966.1450
8/19/2010,7.4220,953.3040
8/20/2010,7.7125,981.0600
8/21/2010,7.4793,958.2650
8/22/2010,7.4966,955.9860
8/23/2010,7.8147,991.3850
8/24/2010,7.3704,946.6960
8/25/2010,7.3570,927.4710
8/26/2010,7.1872,929.7970
8/27/2010,5.5895,1185.4400
8/28/2010,5.8222,1122.1200
8/29/2010,6.6214,941.0930
8/30/2010,7.1642,942.0500
8/31/2010,7.2427,944.5110
9/1/2010,6.2593,1101.5500
9/2/2010,5.0684,1182.2400
9/3/2010,6.6010,1123.5500
9/4/2010,7.1505,954.7550
9/5/2010,5.2760,1063.2900
9/6/2010,5.7378,1098.0100
9/7/2010,1.3503,243.7120
9/8/2010,3.1833,827.4560
9/9/2010,6.4145,933.7380
9/10/2010,6.8721,928.8990
9/11/2010,3.0109,566.6140
9/12/2010,4.9056,1167.1100
9/13/2010,6.0995,905.0390
9/14/2010,6.7837,917.5010
9/15/2010,6.4041,934.9510
9/16/2010,5.4537,1130.4300
9/17/2010,6.3379,925.9840
9/18/2010,4.8261,1012.7900
9/19/2010,5.6666,1068.6500
9/20/2010,3.8328,1029.0200
9/21/2010,1.5299,355.5290
9/22/2010,5.8731,981.4020
9/23/2010,6.2825,869.7270
9/24/2010,6.2557,870.9630
9/25/2010,6.2888,872.4130
9/26/2010,6.2012,863.8880
9/27/2010,5.9418,832.2340
9/28/2010,3.7915,940.8810
9/29/2010,4.8971,971.6020
9/30/2010,5.4995,1017.0300
10/1/2010,5.4568,1025.3100
10/2/2010,4.3655,1124.6000
10/3/2010,2.7199,1020.5400
10/4/2010,1.1450,267.5650
10/5/2010,1.6772,531.3710
10/6/2010,1.7394,930.3190
10/7/2010,5.0033,817.5380
10/8/2010,5.6771,820.0740
10/9/2010,5.6247,809.4520
10/10/2010,5.4878,796.9700
10/11/2010,5.3312,774.2070
10/12/2010,4.3441,770.4630
10/13/2010,2.8097,746.2800
10/14/2010,2.1277,794.2690
10/15/2010,1.2091,313.5390
10/16/2010,0.9358,198.4060
10/17/2010,0.8918,299.7520
10/18/2010,1.5643,386.0880
10/19/2010,1.8147,856.1110
10/20/2010,0.8781,308.4460
10/21/2010,2.0250,804.9230
10/22/2010,3.9435,859.7850
10/23/2010,3.3104,888.1660
10/24/2010,3.7049,922.0570
10/25/2010,4.3744,832.2530
10/26/2010,4.8808,731.1030
10/27/2010,4.8495,831.6080
10/28/2010,4.8759,746.4120
10/29/2010,4.0540,811.2340
10/30/2010,4.3608,710.0080
10/31/2010,4.2261,886.7110
11/1/2010,4.6155,702.2350
11/2/2010,4.5520,696.4810
11/3/2010,4.4781,690.2600
11/4/2010,4.4087,690.8300
11/5/2010,4.3142,674.3520
11/6/2010,3.1617,824.1560
11/7/2010,3.3224,742.9070
11/8/2010,4.2542,676.0370
11/9/2010,4.2764,669.5390
11/10/2010,4.1396,696.2300
11/11/2010,4.3710,678.7320
11/12/2010,4.2888,671.2710
11/13/2010,4.2247,668.7160
11/14/2010,4.1033,651.5490
11/15/2010,3.9956,633.1240
11/16/2010,3.9627,630.6550
11/17/2010,3.8350,628.9280
11/18/2010,3.5677,702.9130
11/19/2010,0.6159,219.9680
11/20/2010,2.0939,881.0670
11/21/2010,3.4354,728.7220
11/22/2010,3.8936,632.8280
11/23/2010,3.2536,819.6570
11/24/2010,2.7914,725.3910
11/25/2010,3.9498,641.1770
11/26/2010,3.9882,641.2820
11/27/2010,3.4126,840.0120
11/28/2010,3.6232,693.9810
11/29/2010,3.8891,629.2330
11/30/2010,3.7731,652.3890
12/1/2010,3.7562,611.4030
12/2/2010,3.5604,697.2350
12/3/2010,3.0572,594.6580
12/4/2010,1.8717,937.3620
12/5/2010,1.5737,463.0830
12/6/2010,3.3424,604.1870
12/7/2010,3.6539,597.8690
12/8/2010,3.5665,581.4070
12/9/2010,3.1761,605.6130
12/10/2010,2.6433,639.7200
12/11/2010,3.2364,598.8060
12/12/2010,3.5391,586.6570
12/13/2010,3.5161,582.1480
12/14/2010,1.2001,286.9540
12/15/2010,0.9450,402.0880
12/16/2010,2.9299,789.6070
12/17/2010,0.9341,354.4400
12/18/2010,0.6794,307.1460
12/19/2010,0.4071,189.6600
12/20/2010,0.3099,104.5570
12/21/2010,0.7341,205.8560
12/22/2010,1.5974,815.6070
12/23/2010,2.3851,641.4760
12/24/2010,3.3930,611.3430
12/25/2010,2.1774,656.2200
12/26/2010,2.5104,894.6210
12/27/2010,3.5189,580.1040
12/28/2010,3.3059,578.0020
12/29/2010,1.2766,624.2090
12/30/2010,3.5592,589.9100
12/31/2010,3.4576,617.9120
1/1/2011,3.3806,617.6810
1/2/2011,0.6007,170.6110
1/3/2011,1.9003,511.9950
1/4/2011,3.5407,603.1670
1/5/2011,2.7426,772.7790
1/6/2011,2.3390,896.2420
1/7/2011,3.0745,872.3640
1/8/2011,1.9052,617.5350
1/9/2011,2.0638,690.7750
1/10/2011,3.6605,607.5450
1/11/2011,2.3131,626.9120
1/12/2011,3.8366,623.9690
1/13/2011,3.9064,652.6910
1/14/2011,3.7532,644.5410
1/15/2011,3.7673,648.1280
1/16/2011,4.0354,742.3290
1/17/2011,3.8305,618.2260
1/18/2011,3.7868,621.2450
1/19/2011,2.6258,702.0210
1/20/2011,3.9389,646.3350
1/21/2011,4.0365,641.7410
1/22/2011,3.9022,627.6450
1/23/2011,4.1422,651.6770
1/24/2011,4.1016,652.8880
1/25/2011,3.7020,640.7240
1/26/2011,3.5982,856.6950
1/27/2011,4.2200,664.6370
1/28/2011,4.2035,652.5870
1/29/2011,4.0664,651.8370
1/30/2011,1.8399,1074.1400
1/31/2011,4.3041,693.8850
2/1/2011,4.2077,715.6780
2/2/2011,4.5113,699.6950
2/3/2011,4.5053,699.8510
2/4/2011,4.1278,788.0740
2/5/2011,4.2888,824.1400
2/6/2011,4.4256,702.0720
2/7/2011,4.6256,706.2460
2/8/2011,4.1583,796.6050
2/9/2011,4.7701,728.8750
2/10/2011,4.9448,749.6400
2/11/2011,5.0089,759.1730
2/12/2011,5.0778,762.5540
2/13/2011,4.9424,828.9740
2/14/2011,4.6744,771.3370
2/15/2011,2.0713,606.8790
2/16/2011,2.5809,813.3620
2/17/2011,5.1345,770.9440
2/18/2011,1.8272,839.3400
2/19/2011,3.7887,1023.6100
2/20/2011,5.2253,784.7840
2/21/2011,5.0751,898.2050
2/22/2011,5.4044,970.5850
2/23/2011,4.6714,846.3130
2/24/2011,4.9583,925.4790
2/25/2011,2.4720,928.2920
2/26/2011,5.5035,892.0520
2/27/2011,5.7251,828.9380
2/28/2011,5.4681,890.6790
3/1/2011,4.2714,968.4140
3/2/2011,3.2587,784.4230
3/3/2011,4.3450,1064.6300
3/4/2011,4.8868,834.5690
3/5/2011,5.6362,869.4350
3/6/2011,3.9007,1072.2400
3/7/2011,5.4706,915.8220
3/8/2011,5.9176,841.6190
3/9/2011,5.9421,854.5830
3/10/2011,6.0690,857.5550
3/11/2011,5.8675,873.1310
3/12/2011,4.8400,932.4690
3/13/2011,5.5137,868.5390
3/14/2011,5.2353,1047.2700
3/15/2011,5.6281,901.8220
3/16/2011,5.4707,890.3870
3/17/2011,4.6055,953.1190
3/18/2011,6.2774,900.0090
3/19/2011,3.6402,815.3470
3/20/2011,0.2707,106.0850
3/21/2011,4.8842,1113.7200
3/22/2011,6.3380,913.2650
3/23/2011,2.8958,1110.7600
3/24/2011,5.1881,1082.8100
3/25/2011,6.2446,1084.7300
3/26/2011,3.9387,1124.6600
3/27/2011,5.0752,1290.4800
3/28/2011,6.6220,922.3240
3/29/2011,6.4404,1168.0800
3/30/2011,6.5921,901.1730
3/31/2011,6.8432,914.2460
4/1/2011,6.8552,909.0340
4/2/2011,2.2980,742.4900
4/3/2011,6.5206,1127.9800
4/4/2011,7.0697,934.0090
4/5/2011,6.3519,997.7550
4/6/2011,4.8676,1282.2200
4/7/2011,5.3159,1152.8700
4/8/2011,7.1465,965.9020
4/9/2011,7.2918,960.2580
4/10/2011,7.1507,967.0280
4/11/2011,6.6295,1003.4400
4/12/2011,6.1327,1027.0600
4/13/2011,7.2261,995.7220
4/14/2011,7.5031,986.9670
4/15/2011,7.5550,988.0710
4/16/2011,7.6898,1095.4600
4/17/2011,7.0843,1151.1000
4/18/2011,4.2706,1103.2900
4/19/2011,6.2705,1032.8600
4/20/2011,5.6828,1259.2400
4/21/2011,6.8315,1297.5200
4/22/2011,7.0490,996.4510
4/23/2011,7.1489,986.2630
4/24/2011,6.2251,1307.6200
4/25/2011,7.7182,994.1180
4/26/2011,8.1034,1021.1700
4/27/2011,7.9791,1006.5200
4/28/2011,7.9539,1004.0300
4/29/2011,8.0780,1016.9800
4/30/2011,8.2868,1034.1200
5/1/2011,8.3972,1042.5700
5/2/2011,8.3637,1040.0900
5/3/2011,8.3058,1037.7200
5/4/2011,8.1645,1020.6700
5/5/2011,7.7686,1148.2400
5/6/2011,7.4614,1017.9900
5/7/2011,4.1958,1033.0700
5/8/2011,6.6056,1139.0500
5/9/2011,8.0757,1024.3300
5/10/2011,8.2636,1025.7500
5/11/2011,7.8726,999.9270
5/12/2011,8.2697,1016.1100
5/13/2011,7.4455,1230.6000
5/14/2011,3.6139,1081.1400
5/15/2011,8.3492,1053.7600
5/16/2011,6.5346,1188.3400
5/17/2011,5.5708,1329.9800
5/18/2011,8.0295,1096.6600
5/19/2011,8.1641,1027.5200
5/20/2011,8.2354,1210.6500
5/21/2011,7.3568,1094.6600
5/22/2011,5.2914,1197.3400
5/23/2011,8.0795,1087.4300
5/24/2011,8.2413,1028.4700
5/25/2011,8.4860,1026.4600
5/26/2011,8.0551,1018.3500
5/27/2011,8.4325,1021.6900
5/28/2011,8.3265,1013.2800
5/29/2011,8.5433,1259.4700
5/30/2011,8.7709,1049.4300
5/31/2011,8.5192,1063.5600
6/1/2011,8.5315,1050.0300
6/2/2011,8.4732,1047.5300
6/3/2011,8.4059,1068.7600
6/4/2011,6.0699,1221.0600
6/5/2011,7.2284,1258.7200
6/6/2011,8.2954,1094.7200
6/7/2011,8.5942,1029.0600
6/8/2011,5.2578,1389.8100
6/9/2011,5.0560,990.8280
6/10/2011,4.6943,1093.3900
6/11/2011,4.5199,1010.5000
6/12/2011,5.3492,1423.3400
6/13/2011,6.3775,1085.5100
6/14/2011,5.3848,1186.3200
6/15/2011,5.4168,1171.6700
6/16/2011,3.8908,811.3090
6/17/2011,5.8711,1335.0400
6/18/2011,7.1464,1126.6600
6/19/2011,5.2414,1137.5900
6/20/2011,7.9014,1072.3300
6/21/2011,6.3016,1283.1500
6/22/2011,5.4471,1344.4200
6/23/2011,6.9102,1060.8100
6/24/2011,7.1890,1141.9800
6/25/2011,7.2927,1436.3700
6/26/2011,8.4922,1028.9800
6/27/2011,8.6679,1032.5600
6/28/2011,6.6258,1402.9700
6/29/2011,7.0911,1302.1100
6/30/2011,8.6908,1031.1800
7/1/2011,8.6953,1027.7000
7/2/2011,8.3344,1101.9500
7/3/2011,6.9633,1268.3700
7/4/2011,7.9934,969.2640
7/5/2011,7.8036,1225.4900
7/6/2011,7.9632,960.4220
7/7/2011,7.0981,1448.4200
7/8/2011,7.8308,967.6150
7/9/2011,7.6861,1157.3000
7/10/2011,7.6493,1019.5600
7/11/2011,7.0097,1095.4300
7/12/2011,6.6634,1295.6900
7/13/2011,6.2816,1085.9000
7/14/2011,5.9436,1494.3800
7/15/2011,8.1053,1019.0000
7/16/2011,6.9593,1072.2500
7/17/2011,8.2241,1023.2300
7/18/2011,8.5439,1027.1100
7/19/2011,8.5526,1023.4100
7/20/2011,6.7110,1263.2100
7/21/2011,5.9443,1307.6900
7/22/2011,7.1173,1056.5000
7/23/2011,7.8393,1026.0500
7/24/2011,5.8385,1195.4300
7/25/2011,7.8709,970.4290
7/26/2011,7.9472,972.5200
7/27/2011,6.7210,1170.4800
7/28/2011,7.3754,969.1970
7/29/2011,5.4918,1184.4200
7/30/2011,6.4136,1126.8600
7/31/2011,5.9392,1485.2600
8/1/2011,7.8567,962.8880
8/2/2011,6.8019,1239.0000
8/3/2011,8.2323,1003.5800
8/4/2011,8.4063,1028.6500
8/5/2011,7.5927,1013.0600
8/6/2011,6.8353,1020.6100
8/7/2011,5.7321,1149.4800
8/8/2011,7.0240,999.0920
8/9/2011,7.0414,1037.0600
8/10/2011,5.5667,1331.5100
8/11/2011,5.3644,1154.9800
8/12/2011,6.3527,1069.5300
8/13/2011,5.8744,1109.1100
8/14/2011,3.7257,818.9890
8/15/2011,7.0820,1011.3600
8/16/2011,5.4663,1224.9600
8/17/2011,6.2380,1126.3900
8/18/2011,7.4698,1129.3500
8/19/2011,6.3176,966.4870
8/20/2011,6.5434,1065.8100
8/21/2011,6.7428,980.0990
8/22/2011,6.7633,1134.6100
8/23/2011,6.8323,1144.6800
8/24/2011,6.9840,949.7240
8/25/2011,7.3229,944.1310
8/26/2011,6.2737,1321.2800
8/27/2011,7.0238,912.4460
8/28/2011,7.0120,911.1630
8/29/2011,7.2830,986.5690
8/30/2011,6.7948,1084.7100
8/31/2011,6.7331,959.8770
9/1/2011,6.2408,1024.0400
9/2/2011,4.6163,1150.4800
9/3/2011,6.3616,1133.6800
9/4/2011,6.7273,1008.4700
9/5/2011,5.9849,1166.4500
9/6/2011,6.7013,898.7750
9/7/2011,6.7250,893.7960
9/8/2011,6.8540,911.3540
9/9/2011,6.6404,955.3580
9/10/2011,4.9071,1066.9100
9/11/2011,6.0433,965.5700
9/12/2011,6.7014,898.9180
9/13/2011,6.1491,868.0990
9/14/2011,4.7846,1116.2000
9/15/2011,4.9794,865.2260
9/16/2011,1.4424,296.5600
9/17/2011,4.8124,1039.0000
9/18/2011,6.1036,975.0940
9/19/2011,2.8611,610.0450
9/20/2011,3.6106,1049.0200
9/21/2011,3.7957,891.3980
9/22/2011,4.2294,1271.2100
9/23/2011,5.1800,954.5480
9/24/2011,1.7401,552.7700
9/25/2011,3.4159,885.2060
9/26/2011,4.8305,994.3400
9/27/2011,5.9524,843.1770
9/28/2011,3.6107,914.3240
9/29/2011,5.2259,819.2880
9/30/2011,3.4389,1047.5000
10/1/2011,5.7785,818.0780
10/2/2011,5.3598,811.6510
10/3/2011,5.6995,806.2830
10/4/2011,5.0923,959.6810
10/5/2011,1.3695,560.3030
10/6/2011,5.7806,828.1170
10/7/2011,5.6853,815.0740
10/8/2011,5.6491,809.8410
10/9/2011,5.5569,800.3750
10/10/2011,5.0580,879.6380
10/11/2011,5.3170,774.9180
10/12/2011,5.3933,784.3130
10/13/2011,5.3802,778.1400
10/14/2011,4.5158,852.2440
10/15/2011,4.5231,805.0700
10/16/2011,4.8786,753.2060
10/17/2011,4.1474,895.0560
10/18/2011,1.8010,423.9250
10/19/2011,2.2762,680.7610
10/20/2011,3.3436,853.3400
10/21/2011,3.8409,880.4020
10/22/2011,3.1713,829.4690
10/23/2011,2.8044,874.6800
10/24/2011,2.2780,660.5170
10/25/2011,1.0975,240.7480
10/26/2011,4.6415,709.6380
10/27/2011,4.8646,732.1650
10/28/2011,4.7063,733.4980
10/29/2011,4.7092,703.0100
10/30/2011,4.4496,755.1760
10/31/2011,3.7040,832.1830
11/1/2011,4.1078,667.1570
11/2/2011,4.5136,691.9160
11/3/2011,4.0517,663.8160
11/4/2011,2.4467,918.6010
11/5/2011,4.4021,683.8560
11/6/2011,2.6326,933.3990
11/7/2011,4.2857,660.4800
11/8/2011,4.2256,674.6990
11/9/2011,4.2609,694.7120
11/10/2011,2.1307,582.5250
11/11/2011,2.3651,717.1590
11/12/2011,1.0598,411.7400
11/13/2011,3.7416,853.1360
11/14/2011,3.6711,631.9950
11/15/2011,3.6788,657.3480
11/16/2011,3.1395,614.5540
11/17/2011,3.3565,678.7480
11/18/2011,1.4213,487.9320
11/19/2011,2.8490,830.8400
11/20/2011,0.5152,185.3230
11/21/2011,3.8248,646.0670
11/22/2011,3.8084,617.7820
11/23/2011,3.3043,645.7190
11/24/2011,2.5666,789.0430
11/25/2011,3.7244,604.6320
11/26/2011,3.8358,615.0760
11/27/2011,3.8755,623.3240
11/28/2011,3.0435,660.8210
11/29/2011,2.6634,734.2360
11/30/2011,2.7577,587.3590
12/1/2011,2.7450,630.1590
12/2/2011,3.5157,714.2160
12/3/2011,3.6396,606.7900
12/4/2011,3.5195,668.6990
12/5/2011,3.6045,596.9960
12/6/2011,3.6721,603.3400
12/7/2011,3.6872,603.8180
12/8/2011,3.5349,584.8770
12/9/2011,3.5277,586.1530
12/10/2011,3.5957,592.2370
12/11/2011,1.7104,772.2460
12/12/2011,0.7033,310.7550
12/13/2011,3.3398,568.9200
12/14/2011,3.1727,642.5920
12/15/2011,2.4789,750.9390
12/16/2011,3.4921,578.4560
12/17/2011,1.1558,578.5720
12/18/2011,3.2308,734.1710
12/19/2011,0.9572,587.9870
12/20/2011,3.3632,568.5930
12/21/2011,3.3268,561.3320
12/22/2011,3.5522,592.4670
12/23/2011,3.6522,592.6730
12/24/2011,3.6170,595.8550
12/25/2011,3.5948,599.2070
12/26/2011,3.5964,593.7680
12/27/2011,3.5035,581.4310
12/28/2011,3.6215,592.8880
12/29/2011,3.2387,605.0280
12/30/2011,2.0371,702.1830
12/31/2011,3.3510,567.4100
1/1/2012,3.5986,594.2640
1/2/2012,3.4471,613.8900
1/3/2012,3.5645,595.8660
1/4/2012,3.6321,596.7730
1/5/2012,3.5884,589.9290
1/6/2012,3.5036,580.1190
1/7/2012,3.1441,683.8360
1/8/2012,3.6262,623.5270
1/9/2012,3.6345,596.1970
1/10/2012,3.5366,604.8560
1/11/2012,2.5094,485.8030
1/12/2012,3.6475,612.6970
1/13/2012,3.9493,637.4610
1/14/2012,2.1135,847.9610
1/15/2012,2.0994,733.6040
1/16/2012,3.2007,775.7960
1/17/2012,3.6202,621.8460
1/18/2012,3.8358,621.8520
1/19/2012,3.7400,639.1250
1/20/2012,3.3486,650.9640
1/21/2012,2.8346,654.5130
1/22/2012,2.6598,737.1220
1/23/2012,1.3702,836.9020
1/24/2012,3.7027,727.0090
1/25/2012,4.1073,647.1580
1/26/2012,4.1666,657.4820
1/27/2012,3.3558,785.5770
1/28/2012,4.4667,698.7270
1/29/2012,4.2561,764.9770
1/30/2012,3.5256,871.2700
1/31/2012,3.8986,761.4000
2/1/2012,4.1588,678.6910
2/2/2012,4.1879,678.8900
2/3/2012,4.2619,693.2410
2/4/2012,4.5266,708.8760
2/5/2012,4.5758,720.9090
2/6/2012,2.3450,701.6620
2/7/2012,1.1711,530.2530
2/8/2012,4.5652,708.8310
2/9/2012,4.7242,720.7200
2/10/2012,4.5337,707.2980
2/11/2012,3.5783,893.9040
2/12/2012,4.5686,793.4980
2/13/2012,2.9729,928.6220
2/14/2012,4.8157,730.6550
2/15/2012,2.4759,937.3940
2/16/2012,5.0432,754.7320
2/17/2012,4.6880,920.6610
2/18/2012,4.6716,766.3260
2/19/2012,4.5468,949.6020
2/20/2012,3.3095,889.1740
2/21/2012,4.4694,874.3620
2/22/2012,4.9829,791.5060
2/23/2012,5.2520,774.1450
2/24/2012,4.2892,841.2560
2/25/2012,4.7677,804.2280
2/26/2012,4.6870,777.7740
2/27/2012,2.4426,866.4760
2/28/2012,5.3678,834.8980
2/29/2012,5.1186,788.2930
3/1/2012,5.3878,968.1930
3/2/2012,5.6747,819.2030
3/3/2012,5.8796,848.0660
3/4/2012,5.9246,849.4950
3/5/2012,4.5240,985.3180
3/6/2012,3.4915,1011.6100
3/7/2012,6.0961,864.5340
3/8/2012,6.1884,878.1650
3/9/2012,6.2297,878.4240
3/10/2012,6.1669,996.5590
3/11/2012,4.8799,1046.1200
3/12/2012,4.8488,1066.4300
3/13/2012,4.9152,1113.8400
3/14/2012,5.7755,863.8290
3/15/2012,3.1007,836.3300
3/16/2012,1.9574,715.7500
3/17/2012,1.6666,514.2020
3/18/2012,6.5009,910.7350
3/19/2012,6.6032,916.9740
3/20/2012,6.4737,929.0460
3/21/2012,6.6073,900.9350
3/22/2012,5.4235,1089.2200
3/23/2012,3.7415,1196.5300
3/24/2012,5.2995,1161.2400
3/25/2012,1.2706,430.6670
3/26/2012,5.6683,1118.1000
3/27/2012,6.3045,1072.3400
3/28/2012,6.1059,953.0230
3/29/2012,5.1773,1041.1000
3/30/2012,5.0838,1029.6200
3/31/2012,3.1300,1282.1700
4/1/2012,7.2165,958.4490
4/2/2012,7.1719,998.0330
4/3/2012,7.0101,953.5090
4/4/2012,6.8030,998.2060
4/5/2012,7.0348,946.2340
4/6/2012,7.2884,985.2650
4/7/2012,7.5420,991.8360
4/8/2012,7.4338,980.4020
4/9/2012,7.3730,976.8780
4/10/2012,7.3642,979.3870
4/11/2012,6.4098,1150.4100
4/12/2012,7.0897,994.9480
4/13/2012,2.1430,869.4120
4/14/2012,7.6875,1144.2800
4/15/2012,7.5315,982.9470
4/16/2012,7.6779,987.6640
4/17/2012,7.7099,995.1610
4/18/2012,7.2632,1046.5000
4/19/2012,6.9039,1035.6500
4/20/2012,5.6889,1067.8500
4/21/2012,3.9077,1110.8600
4/22/2012,2.7030,615.9490
4/23/2012,3.2318,741.5960
4/24/2012,4.8015,1165.3600
4/25/2012,4.3256,1290.3000
4/26/2012,6.0574,1284.0900
4/27/2012,7.6802,1016.3100
4/28/2012,7.8843,1007.5900
4/29/2012,7.5681,985.3800
4/30/2012,3.5223,598.3860
5/1/2012,2.0310,541.2550
5/2/2012,3.9694,1297.4600
5/3/2012,7.8268,1173.0500
5/4/2012,7.3340,1021.9000
5/5/2012,8.0519,1111.1600
5/6/2012,7.2691,1019.9200
5/7/2012,7.7802,1022.4200
5/8/2012,6.0598,1216.7500
5/9/2012,8.1846,1029.7200
5/10/2012,7.2822,1136.7400
5/11/2012,7.0431,1107.7100
5/12/2012,4.5821,1247.1300
5/13/2012,5.0071,1236.3100
5/14/2012,8.4381,1040.5100
5/15/2012,8.3367,1017.2400
5/16/2012,8.2272,1010.4700
5/17/2012,7.0718,1042.4500
5/18/2012,8.1733,1016.6900
5/19/2012,7.6162,1031.8400
5/20/2012,7.4663,1190.2300
5/21/2012,6.9325,1075.2100
5/22/2012,7.6204,1055.4300
5/23/2012,8.1610,1140.0400
5/24/2012,7.7005,1027.5400
5/25/2012,7.5282,1186.2000
5/26/2012,8.4038,1034.8800
5/27/2012,8.2750,1021.4000
5/28/2012,8.5256,1026.1200
5/29/2012,8.4570,1016.1800
5/30/2012,8.0706,1055.6600
5/31/2012,7.7321,1023.2200
6/1/2012,7.0461,1329.0100
6/2/2012,6.3164,1062.7100
6/3/2012,7.2308,1004.3800
6/4/2012,4.0441,848.5130
6/5/2012,8.6139,1028.6800
6/6/2012,8.5145,1022.8000
6/7/2012,8.4720,1014.6900
6/8/2012,8.1942,997.0320
6/9/2012,7.1438,1271.7800
6/10/2012,7.1786,1142.0700
6/11/2012,6.0392,1150.3700
6/12/2012,3.5864,645.8560
6/13/2012,5.9776,1250.3700
6/14/2012,5.6938,1210.3300
6/15/2012,5.2533,1112.4700
6/16/2012,6.0635,1231.6300
6/17/2012,4.5525,1350.0900
6/18/2012,3.9827,863.5480
6/19/2012,6.3002,1239.7600
6/20/2012,6.8680,1015.4700
6/21/2012,5.5693,1195.2100
6/22/2012,6.8208,1127.1200
6/23/2012,8.2080,1014.2400
6/24/2012,8.7216,1030.4300
6/25/2012,8.7667,1040.7700
6/26/2012,8.5816,1018.1100
6/27/2012,8.6848,1026.8900
6/28/2012,8.3247,1150.6800
6/29/2012,8.5419,1015.4200
6/30/2012,8.3785,1002.3100
7/1/2012,6.9534,1098.1000
7/2/2012,6.6883,1149.9000
7/3/2012,5.9136,1156.9800
7/4/2012,4.8030,1052.9400
7/5/2012,4.7103,1120.3900
7/6/2012,6.4902,1105.6400
7/7/2012,6.7084,1391.0900
7/8/2012,8.4600,1145.9400
7/9/2012,8.1041,982.1670
7/10/2012,7.5039,1031.0600
7/11/2012,7.7756,1158.1700
7/12/2012,2.7119,431.4570
7/13/2012,4.9418,1268.5900
7/14/2012,5.9081,1194.3500
7/15/2012,8.1470,1008.6500
7/16/2012,7.3890,1110.3000
7/17/2012,7.1690,1079.5000
7/18/2012,5.5323,1221.2700
7/19/2012,8.0321,974.3010
7/20/2012,8.0670,974.7670
7/21/2012,7.9586,973.5960
7/22/2012,5.7025,1128.1600
7/23/2012,5.5114,983.4230
7/24/2012,7.0992,1060.2900
7/25/2012,7.4299,1009.2000
7/26/2012,7.5935,1004.3600
7/27/2012,7.2198,1008.0900
7/28/2012,8.0989,1021.3800
7/29/2012,7.7434,1002.6400
7/30/2012,7.6213,949.2200
7/31/2012,6.8773,1008.0500
8/1/2012,6.8271,1083.5700
8/2/2012,7.5042,971.3150
8/3/2012,5.9202,1135.0900
8/4/2012,6.0415,1021.9300
8/5/2012,6.7759,1100.1900
8/6/2012,7.6289,955.5490
8/7/2012,7.1673,1011.1900
8/8/2012,7.3376,923.5860
8/9/2012,7.3403,924.5470
8/10/2012,7.2709,914.7030
8/11/2012,7.1811,914.5090
8/12/2012,7.2486,919.9380
8/13/2012,7.2045,916.1720
8/14/2012,7.3131,929.0140
8/15/2012,7.3036,962.5670
8/16/2012,5.6797,1178.9900
8/17/2012,6.1609,1028.9700
8/18/2012,6.9311,891.8930
8/19/2012,6.9571,895.5650
8/20/2012,6.8245,892.7050
8/21/2012,6.6223,928.1970
8/22/2012,6.7322,1091.9300
8/23/2012,3.6436,829.3050
8/24/2012,5.5466,1003.6700
8/25/2012,5.1527,1031.2700
8/26/2012,7.1863,941.8240
8/27/2012,7.1594,921.6810
8/28/2012,6.9009,891.0880
8/29/2012,6.7560,885.1460
8/30/2012,6.4334,862.1500
8/31/2012,6.8023,983.4360
9/1/2012,7.3409,958.1110
9/2/2012,7.2698,948.7510
9/3/2012,6.7001,1022.9700
9/4/2012,6.6448,893.4530
9/5/2012,2.6452,959.8780
9/6/2012,6.4498,863.9300
9/7/2012,6.5276,870.5640
9/8/2012,6.3841,858.8090
9/9/2012,6.4368,887.5200
9/10/2012,6.0180,828.1990
9/11/2012,3.9453,743.4560
9/12/2012,4.9661,971.2350
9/13/2012,5.0558,980.8730
9/14/2012,6.4237,875.4510
9/15/2012,6.3655,861.4130
9/16/2012,6.0945,856.6310
9/17/2012,6.0927,910.3880
9/18/2012,6.1899,857.4730
9/19/2012,6.2160,856.3930
9/20/2012,6.0934,845.6120
9/21/2012,5.9500,881.2200
9/22/2012,4.8173,904.0350
9/23/2012,5.8650,824.7560
9/24/2012,5.8976,830.3010
9/25/2012,5.4658,829.9140
9/26/2012,5.4810,823.2630
9/27/2012,5.3732,887.8810
9/28/2012,5.7493,817.1230
9/29/2012,5.2023,871.7160
9/30/2012,5.6807,802.2470
10/1/2012,5.7249,810.9550
10/2/2012,5.6112,794.1560
10/3/2012,5.2289,895.1370
10/4/2012,5.3526,795.2180
10/5/2012,4.9070,841.4300
10/6/2012,4.7679,963.7460
10/7/2012,5.0323,777.4190
10/8/2012,4.2560,836.4410
10/9/2012,4.4852,886.4950
10/10/2012,5.3641,801.6980
10/11/2012,4.1129,1081.5000
10/12/2012,4.5314,812.1320
10/13/2012,5.0322,821.0870
10/14/2012,5.2749,774.4170
10/15/2012,5.1579,779.8740
10/16/2012,5.1422,758.5010
10/17/2012,5.0599,741.6290
10/18/2012,3.5360,1044.4700
10/19/2012,3.2873,1044.0000
10/20/2012,1.5234,649.2340
10/21/2012,3.8646,867.9400
10/22/2012,3.5135,987.2650
10/23/2012,4.9681,738.0160
10/24/2012,4.8437,727.4210
10/25/2012,4.7204,711.2540
10/26/2012,4.7688,722.7320
10/27/2012,4.8234,723.5240
10/28/2012,4.7327,709.8020
10/29/2012,4.6952,710.7670
10/30/2012,4.5604,703.6340
10/31/2012,3.8730,797.2440
11/1/2012,3.3975,861.0040
11/2/2012,3.9357,748.7010
11/3/2012,4.2115,658.3590
11/4/2012,4.4027,679.9040
11/5/2012,4.3553,670.8810
11/6/2012,4.2471,653.8150
11/7/2012,3.1372,762.9630
11/8/2012,1.4169,840.0980
11/9/2012,4.2443,659.2350
11/10/2012,4.5318,665.5050
11/11/2012,4.2712,670.7890
11/12/2012,4.2153,664.8010
11/13/2012,4.2744,665.8650
11/14/2012,3.8206,716.8240
11/15/2012,1.1625,423.9930
11/16/2012,2.2457,754.2670
11/17/2012,1.4868,626.2750
11/18/2012,3.7066,667.4400
11/19/2012,3.6946,609.4740
11/20/2012,3.7913,606.4980
11/21/2012,3.6352,608.0100
11/22/2012,3.3909,589.3380
11/23/2012,2.6121,656.8770
11/24/2012,3.7050,606.4890
11/25/2012,2.7942,610.6290
11/26/2012,2.8607,591.1340
11/27/2012,2.9080,693.8890
11/28/2012,2.1931,668.1070
11/29/2012,0.7833,289.8440
11/30/2012,0.7429,213.6730
12/1/2012,1.8110,608.3260
12/2/2012,1.6734,685.8340
12/3/2012,1.9585,683.6230
12/4/2012,2.2168,737.7790
12/5/2012,1.9928,620.7130
12/6/2012,2.9710,622.4380
12/7/2012,2.1850,625.6420
12/8/2012,1.8281,491.4130
12/9/2012,2.7909,543.7920
12/10/2012,3.3868,559.6440
12/11/2012,3.2980,555.0600
12/12/2012,1.0208,390.1620
12/13/2012,3.0420,729.5790
12/14/2012,2.2743,724.0870
12/15/2012,3.2494,580.0230
12/16/2012,1.3196,435.9850
12/17/2012,1.6701,876.6020
12/18/2012,2.6756,616.0910
12/19/2012,3.5177,578.9690
12/20/2012,3.5310,583.5050
12/21/2012,3.3180,597.5910
12/22/2012,2.6974,575.8090
12/23/2012,2.3354,742.3030
12/24/2012,1.6052,597.4110
12/25/2012,1.5601,354.2760
12/26/2012,3.2630,607.5960
12/27/2012,3.3088,611.9650
12/28/2012,3.2542,562.3640
12/29/2012,1.7892,712.9160
12/30/2012,3.1440,820.6010
12/31/2012,3.4665,702.0660
1/1/2013,2.4594,839.9170
1/2/2013,3.5391,588.1760
1/3/2013,3.5947,593.0470
1/4/2013,3.6340,600.7250
1/5/2013,3.2283,598.3590
1/6/2013,2.9915,800.5060
1/7/2013,3.5002,682.2320
1/8/2013,3.4592,569.4270
1/9/2013,2.7541,514.0040
1/10/2013,3.2058,749.5330
1/11/2013,3.7052,625.0340
1/12/2013,3.7322,605.6460
1/13/2013,3.6913,653.7910
1/14/2013,3.8392,624.1520
1/15/2013,3.7444,636.9180
1/16/2013,3.7890,611.6650
1/17/2013,3.8850,627.1550
1/18/2013,3.9221,630.8170
1/19/2013,3.9882,636.1850
1/20/2013,4.0666,645.7830
1/21/2013,4.0989,651.5270
1/22/2013,3.6099,746.8590
1/23/2013,1.4630,586.5040
1/24/2013,1.4170,453.5930
1/25/2013,0.8036,270.2300
1/26/2013,2.6260,917.2760
1/27/2013,3.5737,813.3620
1/28/2013,4.1789,676.0330
1/29/2013,3.4306,630.5530
1/30/2013,4.0806,641.8510
1/31/2013,4.2185,661.2540
2/1/2013,3.8219,634.0180
2/2/2013,1.8413,808.9590
2/3/2013,4.3014,692.3210
2/4/2013,3.2464,853.3370
2/5/2013,1.1560,505.1580
2/6/2013,3.9674,732.4980
2/7/2013,2.0914,529.5980
2/8/2013,2.6584,770.4980
2/9/2013,4.6834,711.6610
2/10/2013,3.5446,975.5410
2/11/2013,4.6304,704.7970
2/12/2013,4.7280,721.2730
2/13/2013,4.7622,720.7460
2/14/2013,4.6768,724.6030
2/15/2013,4.7011,797.0760
2/16/2013,4.9203,828.5820
2/17/2013,5.0044,754.1570
2/18/2013,4.1632,935.5600
2/19/2013,2.2724,948.0600
2/20/2013,5.1802,773.0650
2/21/2013,4.6866,900.5520
2/22/2013,5.2846,780.8360
2/23/2013,5.2443,783.9220
2/24/2013,5.4765,804.0490
2/25/2013,5.4765,802.1670
2/26/2013,5.5422,816.4140
2/27/2013,5.6024,807.2070
2/28/2013,5.6268,814.3930
3/1/2013,5.6630,819.7180
3/2/2013,5.5220,938.9670
3/3/2013,3.9118,992.1030
3/4/2013,5.4363,794.9030
3/5/2013,2.5620,1060.8900
3/6/2013,4.8461,1096.6200
3/7/2013,3.7897,978.6330
3/8/2013,5.7787,1028.9500
3/9/2013,5.9333,843.4810
3/10/2013,6.1693,871.0180
3/11/2013,6.1526,863.1630
3/12/2013,6.0682,965.0540
3/13/2013,6.0511,870.5550
3/14/2013,5.8161,1068.4800
3/15/2013,4.2695,1018.7000
3/16/2013,4.1729,1016.3400
3/17/2013,4.7598,1118.5700
3/18/2013,4.4109,897.9320
3/19/2013,3.0829,1032.3800
3/20/2013,4.9217,1034.1500
3/21/2013,6.1405,892.3890
3/22/2013,6.2332,888.7040
3/23/2013,6.2292,897.3530
3/24/2013,6.2207,890.0160
3/25/2013,5.3413,947.7050
3/26/2013,5.5390,948.4280
3/27/2013,5.6912,901.9710
3/28/2013,5.5611,887.0570
3/29/2013,4.9223,1126.7600
3/30/2013,4.6419,1106.9600
3/31/2013,3.9243,955.2350
4/1/2013,6.5419,1206.5900
4/2/2013,6.4327,924.3870
4/3/2013,6.3812,1012.3800
4/4/2013,5.0914,1149.8900
4/5/2013,6.4148,1058.6500
4/6/2013,6.5221,918.5200
4/7/2013,6.2708,1024.8700
4/8/2013,6.3209,1189.7100
4/9/2013,7.4444,970.9090
4/10/2013,7.4301,965.9620
4/11/2013,7.1792,971.7390
4/12/2013,6.6309,934.3950
4/13/2013,2.1319,587.0770
4/14/2013,3.3228,1045.1900
4/15/2013,6.4952,1140.6500
4/16/2013,7.4633,978.9770
4/17/2013,7.7533,998.8560
4/18/2013,7.7435,990.0410
4/19/2013,7.7739,996.2750
4/20/2013,7.6280,978.4770
4/21/2013,7.3913,972.2850
4/22/2013,7.1938,976.5690
4/23/2013,6.7061,971.9370
4/24/2013,1.8060,376.0350
4/25/2013,7.4035,967.6070
4/26/2013,7.6110,972.0880
4/27/2013,7.5501,1011.3500
4/28/2013,6.4503,1104.5300
4/29/2013,5.7291,1051.9200
4/30/2013,3.0841,731.9940
5/1/2013,6.3037,1224.0300
5/2/2013,7.9676,1010.1400
5/3/2013,7.7523,1045.7800
5/4/2013,7.1431,971.7480
5/5/2013,3.2864,1189.7200
5/6/2013,5.6226,1396.6100
5/7/2013,7.5476,1130.9800
5/8/2013,7.3271,1156.0200
5/9/2013,6.9343,1018.3100
5/10/2013,7.6377,1015.4300
5/11/2013,6.9832,1106.7100
5/12/2013,7.7744,1095.9000
5/13/2013,8.1277,997.8210
5/14/2013,8.1670,1044.9100
5/15/2013,7.3908,1041.5000
5/16/2013,5.3034,1115.5100
5/17/2013,7.6378,1081.7200
5/18/2013,7.8967,999.8730
5/19/2013,8.0732,1030.4500
5/20/2013,8.2233,1017.1200
5/21/2013,6.3972,1070.8200
5/22/2013,6.7224,1273.3900
5/23/2013,7.8044,1065.2600
5/24/2013,7.6685,1052.1100
5/25/2013,6.8752,1141.3900
5/26/2013,7.6155,1006.4200
5/27/2013,7.8621,1042.5800
5/28/2013,7.7621,1125.3100
5/29/2013,8.2364,1032.6500
5/30/2013,7.8113,998.7620
5/31/2013,7.7419,1098.9700
6/1/2013,6.2602,1066.6300
6/2/2013,5.8455,1204.8500
6/3/2013,5.5973,1284.0100
6/4/2013,5.2875,1152.4000
6/5/2013,4.7417,1410.1700
6/6/2013,2.9552,645.0140
6/7/2013,2.4522,580.4250
6/8/2013,6.0674,1273.7000
6/9/2013,5.5542,1286.9800
6/10/2013,7.6429,1116.0000
6/11/2013,6.3101,1226.6000
6/12/2013,3.0034,1111.4800
6/13/2013,6.2456,1157.1400
6/14/2013,7.1991,1189.1100
6/15/2013,7.0261,1182.7300
6/16/2013,7.6528,1031.7200
6/17/2013,6.9868,1126.6400
6/18/2013,7.7904,1007.8900
6/19/2013,8.4202,1018.2600
6/20/2013,8.4684,1011.3300
6/21/2013,8.3406,1004.7800
6/22/2013,8.1206,996.0670
6/23/2013,4.9899,1316.4000
6/24/2013,5.4697,1183.0500
6/25/2013,5.9113,1445.2900
6/26/2013,8.1591,1051.3400
6/27/2013,7.7536,1059.3000
6/28/2013,7.7767,1036.5600
6/29/2013,7.4984,963.2890
6/30/2013,6.6505,1192.7100
7/1/2013,5.7993,1035.5600
7/2/2013,5.3166,1292.2700
7/3/2013,5.0027,1166.4200
7/4/2013,7.1235,958.6380
7/5/2013,5.7519,1275.1900
7/6/2013,5.7472,1093.7900
7/7/2013,4.7124,1149.7200
7/8/2013,8.2855,992.1400
7/9/2013,7.9540,1026.9500
7/10/2013,3.0459,1261.0000
7/11/2013,2.4070,412.9460
7/12/2013,7.2030,1099.1300
7/13/2013,6.8460,1205.2400
7/14/2013,6.8213,1063.2600
7/15/2013,8.0239,972.1900
7/16/2013,8.2018,1021.8800
7/17/2013,8.4074,1010.8200
7/18/2013,7.7531,980.7430
7/19/2013,7.1235,1036.7700
7/20/2013,4.3856,1092.3200
7/21/2013,2.2503,527.2130
7/22/2013,6.8968,1082.4100
7/23/2013,7.2034,978.2170
7/24/2013,4.8108,1087.3600
7/25/2013,5.6611,1287.9600
7/26/2013,4.8833,1075.4200
7/27/2013,6.5664,1142.4700
7/28/2013,3.5178,1195.8300
7/29/2013,7.6139,1014.8000
7/30/2013,6.8966,1029.8900
7/31/2013,5.7764,1121.1800
8/1/2013,6.0119,1134.6200
8/2/2013,5.8994,1103.0200
8/3/2013,6.2116,1037.3900
8/4/2013,5.6064,1263.8600
8/5/2013,7.1979,990.6650
8/6/2013,7.5750,983.3870
8/7/2013,6.7499,978.4630
8/8/2013,7.2856,1025.4900
8/9/2013,6.6085,969.8050
8/10/2013,6.7752,952.3680
8/11/2013,6.6723,956.9760
8/12/2013,6.8927,956.2530
8/13/2013,6.5824,966.9000
8/14/2013,5.8463,1102.2800
8/15/2013,7.0198,972.9160
8/16/2013,6.5704,1198.1800
8/17/2013,6.2818,1095.4400
8/18/2013,4.8500,1202.5100
8/19/2013,4.5151,1119.2300
8/20/2013,5.4576,1316.2700
8/21/2013,7.2032,926.3350
8/22/2013,7.0072,923.7440
8/23/2013,7.3548,943.1890
8/24/2013,5.9482,1212.6500
8/25/2013,6.5320,1088.0900
8/26/2013,6.8547,893.2090
8/27/2013,5.8459,1131.9400
8/28/2013,6.9500,900.1670
8/29/2013,6.8353,930.1280
8/30/2013,6.5427,864.7260
8/31/2013,5.5178,976.2430
9/1/2013,6.1910,1117.9900
9/2/2013,5.4292,1017.0800
9/3/2013,6.6065,871.8470
9/4/2013,6.6868,881.3630
9/5/2013,6.6737,885.9460
9/6/2013,6.5874,874.6080
9/7/2013,6.5930,907.6850
9/8/2013,6.4409,969.7600
9/9/2013,3.9587,1023.4500
9/10/2013,5.7827,854.5520
9/11/2013,5.8223,851.9440
9/12/2013,6.4858,874.1430
9/13/2013,6.3501,884.3160
9/14/2013,6.1058,1006.3900
9/15/2013,6.3232,858.7930
9/16/2013,6.3821,862.9230
9/17/2013,4.1608,1029.8800
9/18/2013,6.0793,849.2690
9/19/2013,5.6289,844.9680
9/20/2013,1.6022,406.0040
9/21/2013,5.3496,851.0880
9/22/2013,6.1812,852.0920
9/23/2013,6.1806,850.4750
9/24/2013,6.1081,839.3800
9/25/2013,4.3785,1082.5700
9/26/2013,5.9248,825.0020
9/27/2013,6.0122,832.9130
9/28/2013,6.0128,837.2530
9/29/2013,5.9515,835.3970
9/30/2013,5.7736,814.6930
10/1/2013,5.3387,773.3310
10/2/2013,3.9464,940.2960
10/3/2013,4.5716,879.2710
10/4/2013,5.3809,777.2310
10/5/2013,5.6373,801.8250
10/6/2013,5.7087,810.8750
10/7/2013,5.0840,779.0010
10/8/2013,4.7561,755.8880
10/9/2013,2.0992,929.1870
10/10/2013,5.1320,807.7340
10/11/2013,5.2789,769.0940
10/12/2013,5.1954,765.0380
10/13/2013,4.2434,899.8370
10/14/2013,5.2229,764.2720
10/15/2013,5.2910,772.3100
10/16/2013,5.3010,770.8570
10/17/2013,5.1526,753.7440
10/18/2013,5.0513,746.6670
10/19/2013,5.1209,756.0910
10/20/2013,4.1787,770.9600
10/21/2013,4.3267,747.6260
10/22/2013,4.5631,815.9890
10/23/2013,2.3821,686.1100
10/24/2013,3.6196,787.2390
10/25/2013,3.4178,744.1840
10/26/2013,2.8253,764.5400
10/27/2013,2.5668,836.4240
10/28/2013,3.9250,946.9260
10/29/2013,4.4853,725.6470
10/30/2013,4.5047,686.4650
10/31/2013,4.5677,698.1550
11/1/2013,4.5548,693.4370
11/2/2013,4.3530,689.1900
11/3/2013,3.8232,837.6970
11/4/2013,3.2529,871.6680
11/5/2013,4.3696,671.4540
11/6/2013,4.3773,680.9590
11/7/2013,3.7472,807.3790
11/8/2013,4.1602,642.0900
11/9/2013,4.0871,644.6630
11/10/2013,3.7819,641.6400
11/11/2013,3.8938,632.6790
11/12/2013,1.7016,409.8580
11/13/2013,4.0711,637.2270
11/14/2013,4.0524,634.9330
11/15/2013,2.6382,783.2480
11/16/2013,3.5141,773.1970
11/17/2013,3.2167,711.3880
11/18/2013,3.3635,595.7970
11/19/2013,3.1220,752.4690
11/20/2013,2.5171,701.1090
11/21/2013,1.8566,695.1270
11/22/2013,1.9142,766.1220
11/23/2013,2.7907,792.1170
11/24/2013,3.6146,589.5680
11/25/2013,3.7119,602.0880
11/26/2013,3.0527,702.7690
11/27/2013,3.2037,685.6140
11/28/2013,2.7857,731.8730
11/29/2013,1.0531,346.3330
11/30/2013,3.4225,571.7030
12/1/2013,3.5393,631.4520
12/2/2013,2.4616,679.9990
12/3/2013,2.1916,730.6960
12/4/2013,3.6782,602.5970
12/5/2013,3.5447,617.6970
12/6/2013,2.8476,589.8750
12/7/2013,1.8246,709.5690
12/8/2013,3.1208,690.9770
12/9/2013,3.6107,730.4320
12/10/2013,3.2367,634.7550
12/11/2013,3.6168,594.1400
12/12/2013,3.3361,547.2790
12/13/2013,3.2934,562.9390
12/14/2013,3.5000,581.1960
12/15/2013,3.2957,635.6600
12/16/2013,3.0647,783.5280
12/17/2013,3.0631,662.8700
12/18/2013,1.9230,794.6510
12/19/2013,1.6768,589.7300
12/20/2013,3.3227,560.0290
12/21/2013,2.5723,709.6620
12/22/2013,3.2185,547.3080
12/23/2013,3.3656,556.1570
12/24/2013,3.4244,567.6940
12/25/2013,3.5217,610.5930
12/26/2013,3.5656,586.2280
12/27/2013,3.5261,600.3700
12/28/2013,3.4024,574.8130
12/29/2013,3.5450,583.2470
12/30/2013,3.5569,583.1990
12/31/2013,3.4341,570.6260
1/1/2014,3.2958,554.3680
1/2/2014,3.4204,569.8040
1/3/2014,2.9892,629.4550
1/4/2014,2.8925,632.3590
1/5/2014,3.5816,592.8860
1/6/2014,3.6049,672.7820
1/7/2014,2.5683,791.1910
1/8/2014,3.0555,683.6210
1/9/2014,2.3136,665.9090
1/10/2014,3.3909,573.6610
1/11/2014,3.4557,599.7030
1/12/2014,3.1766,784.0870
1/13/2014,3.7789,613.0080
1/14/2014,3.8091,616.8320
1/15/2014,3.8330,613.2150
1/16/2014,3.2310,574.4740
1/17/2014,3.8723,626.0710
1/18/2014,3.7270,641.7070
1/19/2014,3.3312,895.5490
1/20/2014,3.8338,628.3480
1/21/2014,2.0653,424.3940
1/22/2014,3.8480,611.0050
1/23/2014,3.3737,612.2380
1/24/2014,1.7610,301.4090
1/25/2014,3.3308,625.0470
1/26/2014,2.3334,826.2600
1/27/2014,3.6931,670.5490
1/28/2014,3.6590,622.6450
1/29/2014,1.9551,590.8510
1/30/2014,1.1690,423.2120
1/31/2014,2.9215,796.8730
2/1/2014,4.3500,670.0380
2/2/2014,2.9748,909.5510
2/3/2014,4.3009,668.9230
2/4/2014,3.3321,734.6950
2/5/2014,4.1952,691.3880
2/6/2014,2.0549,777.4960
2/7/2014,2.9768,837.1490
2/8/2014,3.9322,853.8630
2/9/2014,3.1729,794.5620
2/10/2014,4.3559,702.1420
2/11/2014,3.6011,841.7100
2/12/2014,4.5967,743.1130
2/13/2014,4.5759,720.1020
2/14/2014,4.8848,733.8080
2/15/2014,3.6978,844.0150
2/16/2014,4.5059,739.7770
2/17/2014,3.6255,1012.1100
2/18/2014,3.6799,765.2670
2/19/2014,3.9907,969.4170
2/20/2014,5.0590,778.9080
2/21/2014,4.9898,744.2320
2/22/2014,3.9774,879.7200
2/23/2014,4.9009,753.6200
2/24/2014,5.1294,765.0370
2/25/2014,4.7354,761.9690
2/26/2014,2.9178,1096.7500
2/27/2014,4.5946,908.2350
2/28/2014,1.6072,879.2670
3/1/2014,2.9567,864.0700
3/2/2014,2.7630,1095.5800
3/3/2014,4.6046,863.1360
3/4/2014,4.5208,920.8850
3/5/2014,5.1090,944.0550
3/6/2014,4.8590,792.9820
3/7/2014,4.5578,899.1120
3/8/2014,5.8786,852.7970
3/9/2014,5.7605,893.4000
3/10/2014,5.6602,928.6750
3/11/2014,4.6872,965.0320
3/12/2014,5.9853,847.4710
3/13/2014,5.8462,840.1320
3/14/2014,5.7945,891.8530
3/15/2014,6.1662,861.5750
3/16/2014,6.3213,881.2970
3/17/2014,6.1899,876.2480
3/18/2014,6.0156,861.9450
3/19/2014,6.2427,863.2290
3/20/2014,5.6413,1032.9900
3/21/2014,5.2787,1060.9800
3/22/2014,5.1677,1037.0200
3/23/2014,4.7992,981.5970
3/24/2014,3.1694,1083.4500
3/25/2014,3.4742,1076.9100
3/26/2014,6.4482,975.5070
3/27/2014,6.5116,890.4120
3/28/2014,5.9149,927.1420
3/29/2014,5.5788,962.6940
3/30/2014,6.8831,923.8940
3/31/2014,6.5598,911.6100
4/1/2014,6.9308,931.3050
4/2/2014,7.0715,939.0070
4/3/2014,6.9225,936.2160
4/4/2014,6.2718,1022.7700
4/5/2014,6.9816,944.1550
4/6/2014,7.1626,942.6340
4/7/2014,7.2924,952.5860
4/8/2014,7.2354,1007.9200
4/9/2014,7.2659,997.6650
4/10/2014,5.6540,949.1620
4/11/2014,7.2472,1077.7000
4/12/2014,6.5756,978.2620
4/13/2014,6.5799,1057.6500
4/14/2014,7.3814,960.5270
4/15/2014,6.0232,1203.2200
4/16/2014,6.9558,947.8970
4/17/2014,5.0207,1127.1400
4/18/2014,5.4139,1151.4800
4/19/2014,6.8446,975.1840
4/20/2014,7.2604,947.6320
4/21/2014,6.6984,1090.1200
4/22/2014,6.7404,1120.9500
4/23/2014,7.3984,1046.1700
4/24/2014,7.6409,975.9140
4/25/2014,4.5207,1275.0700
4/26/2014,7.8011,1004.1000
4/27/2014,7.6392,1066.1700
4/28/2014,7.7450,983.7730
4/29/2014,7.9349,1001.7000
4/30/2014,8.0831,1010.6600
5/1/2014,8.1639,1051.7300
5/2/2014,8.1089,1011.2100
5/3/2014,7.9575,1102.0700
5/4/2014,7.9052,1021.5200
5/5/2014,7.1043,1059.4500
5/6/2014,7.6600,1015.4200
5/7/2014,7.1614,997.1540
5/8/2014,7.2990,984.6700
5/9/2014,7.6603,991.0180
5/10/2014,7.5655,981.1200
5/11/2014,8.3635,1039.4000
5/12/2014,8.3355,1021.5600
5/13/2014,8.2137,1011.4000
5/14/2014,8.3433,1020.0700
5/15/2014,8.4133,1021.2000
5/16/2014,8.0755,1009.7100
5/17/2014,7.8212,1101.6800
5/18/2014,7.7175,991.9070
5/19/2014,7.2290,1031.2900
5/20/2014,8.0925,1083.4300
5/21/2014,7.2565,1085.3400
5/22/2014,5.5876,1147.8600
5/23/2014,6.9005,1011.1200
5/24/2014,2.7107,645.5170
5/25/2014,6.6453,1001.7500
5/26/2014,7.7414,980.6570
5/27/2014,6.9514,1053.0600
5/28/2014,6.9865,990.3860
5/29/2014,7.6542,1134.2600
5/30/2014,8.3232,1011.9400
5/31/2014,8.3477,1010.0100
6/1/2014,8.3513,1007.7100
6/2/2014,7.7270,1185.4900
6/3/2014,8.4741,1014.1200
6/4/2014,8.4054,1054.6700
6/5/2014,8.1575,1004.1900
6/6/2014,6.6691,1110.0300
6/7/2014,6.1434,1087.4900
6/8/2014,6.9549,988.2310
6/9/2014,5.0495,1190.0800
6/10/2014,5.6339,1136.8400
6/11/2014,6.9856,972.2930
6/12/2014,7.5883,1028.8900
6/13/2014,8.1110,1015.3200
6/14/2014,8.0201,994.8500
6/15/2014,7.8210,1047.3700
6/16/2014,7.8111,985.5230
6/17/2014,7.7985,992.9580
6/18/2014,8.0738,988.5340
6/19/2014,8.1853,997.9090
6/20/2014,7.9400,1023.2200
6/21/2014,7.9610,1010.5800
6/22/2014,8.0994,991.6370
6/23/2014,7.5033,982.4890
6/24/2014,6.8256,1127.1300
6/25/2014,5.6030,1222.7700
6/26/2014,5.9194,1117.9200
6/27/2014,7.8143,963.2510
6/28/2014,6.1290,1090.4300
6/29/2014,7.2543,1023.9900
6/30/2014,6.1428,1230.5300
7/1/2014,4.4366,1138.6200
7/2/2014,7.3362,1175.0200
7/3/2014,7.7742,982.0440
7/4/2014,7.3810,948.8240
7/5/2014,7.7774,936.3640
7/6/2014,7.8317,953.1690
7/7/2014,7.8319,949.0350
7/8/2014,7.3719,950.1630
7/9/2014,7.1699,1022.8400
7/10/2014,6.9573,961.9630
7/11/2014,7.9974,965.5360
7/12/2014,7.5101,983.8140
7/13/2014,7.6296,930.2050
7/14/2014,3.3935,936.2210
7/15/2014,5.6660,1154.1400
7/16/2014,6.7905,1031.3800
7/17/2014,7.6038,970.3040
7/18/2014,7.1384,1126.7900
7/19/2014,2.8224,869.9850
7/20/2014,5.8603,1105.7600
7/21/2014,7.5665,955.1140
7/22/2014,7.8914,956.5830
7/23/2014,7.9054,968.7360
7/24/2014,7.9316,966.6110
7/25/2014,6.5003,1101.9100
7/26/2014,6.6464,1093.2300
7/27/2014,4.4807,1236.6100
7/28/2014,6.5628,1116.6200
7/29/2014,7.1525,973.3140
7/30/2014,7.0833,969.4960
7/31/2014,7.6098,939.7360
8/1/2014,7.3599,946.7140
8/2/2014,5.2838,953.2220
8/3/2014,2.8229,1192.1000
8/4/2014,7.7547,976.2840
8/5/2014,8.0552,996.2690
8/6/2014,7.0439,978.2160
8/7/2014,6.8013,932.1180
8/8/2014,6.8246,950.0230
8/9/2014,5.5906,992.4530
8/10/2014,7.2383,956.1790
8/11/2014,7.0941,1086.1000
8/12/2014,7.0506,1158.9800
8/13/2014,6.4688,952.7360
8/14/2014,7.1081,966.2900
8/15/2014,7.2597,938.9860
8/16/2014,7.4411,936.7870
8/17/2014,7.4189,940.0610
8/18/2014,7.3495,937.5640
8/19/2014,5.4332,1212.7300
8/20/2014,7.1638,931.7560
8/21/2014,6.9370,1079.2800
8/22/2014,6.0587,1080.5500
8/23/2014,6.9666,934.4640
8/24/2014,6.9797,930.8560
8/25/2014,5.5502,1120.0800
8/26/2014,6.9638,900.0870
8/27/2014,7.0051,906.3560
8/28/2014,7.0726,914.0670
8/29/2014,7.1510,925.1290
8/30/2014,6.7556,896.6670
8/31/2014,6.7573,904.9060
9/1/2014,6.8019,904.7200
9/2/2014,6.6293,900.0640
9/3/2014,5.8781,1028.2900
9/4/2014,5.1338,1097.2900
9/5/2014,6.6492,925.5970
9/6/2014,6.6090,875.2530
9/7/2014,5.8148,1165.1800
9/8/2014,3.5245,1041.2200
9/9/2014,6.7267,904.4410
9/10/2014,6.5784,880.2950
9/11/2014,6.4219,868.3060
9/12/2014,6.3985,860.2290
9/13/2014,6.2247,847.3720
9/14/2014,6.2477,844.5530
9/15/2014,6.1662,836.6020
9/16/2014,6.0985,823.8550
9/17/2014,6.0625,824.0400
9/18/2014,6.0291,912.3880
9/19/2014,5.6824,835.1400
9/20/2014,3.4995,1097.1400
9/21/2014,4.9167,1024.2300
9/22/2014,6.1033,900.1430
9/23/2014,6.1178,853.3740
9/24/2014,5.9089,824.5440
9/25/2014,5.7138,790.7580
9/26/2014,5.8618,814.1630
9/27/2014,5.5360,952.6910
9/28/2014,5.5051,932.0280
9/29/2014,5.6922,801.8330
9/30/2014,5.6812,801.4520
10/1/2014,5.4494,794.8310
10/2/2014,5.8984,828.3670
10/3/2014,5.4937,874.7350
10/4/2014,5.7868,837.5970
10/5/2014,5.6600,799.3560
10/6/2014,5.5189,785.3940
10/7/2014,5.4059,768.3390
10/8/2014,5.1810,771.8450
10/9/2014,4.9333,746.8770
10/10/2014,4.3422,996.5580
10/11/2014,4.5610,746.5440
10/12/2014,4.5883,733.0290
10/13/2014,4.9371,753.0150
10/14/2014,3.5227,1063.4500
10/15/2014,4.5941,992.8190
10/16/2014,4.5564,725.5620
10/17/2014,4.1027,859.3270
10/18/2014,4.7889,707.8500
10/19/2014,4.5684,733.8160
10/20/2014,3.8195,814.5450
10/21/2014,4.4973,750.7120
10/22/2014,4.5725,723.4510
10/23/2014,4.4677,706.0110
10/24/2014,4.6838,697.7190
10/25/2014,4.2912,973.7060
10/26/2014,4.5185,694.4010
10/27/2014,4.0709,711.0740
10/28/2014,4.4219,671.2290
10/29/2014,4.4696,676.3290
10/30/2014,3.9099,824.5590
10/31/2014,1.2029,415.4870
11/1/2014,4.0862,943.3800
11/2/2014,4.4254,676.7350
11/3/2014,4.4749,683.6840
11/4/2014,4.4954,682.0250
11/5/2014,4.3715,670.9820
11/6/2014,4.3201,666.0400
11/7/2014,4.2838,660.7490
11/8/2014,4.2525,654.6680
11/9/2014,3.5943,729.9200
11/10/2014,2.3751,790.3010
11/11/2014,1.5263,411.1340
11/12/2014,3.3871,929.9630
11/13/2014,2.1796,651.7340
11/14/2014,3.0517,684.3560
11/15/2014,3.1344,728.8600
11/16/2014,3.7798,707.5510
11/17/2014,3.8506,635.4080
11/18/2014,2.9908,823.2580
11/19/2014,3.7882,799.6750
11/20/2014,2.8475,752.0500
11/21/2014,3.7132,596.0040
11/22/2014,3.6200,612.6800
11/23/2014,3.4229,684.5380
11/24/2014,3.8043,619.9100
11/25/2014,3.8224,613.2400
11/26/2014,3.7361,599.4350
11/27/2014,3.7689,635.7820
11/28/2014,3.6921,593.5800
11/29/2014,3.1849,581.5630
11/30/2014,1.0779,862.2390
12/1/2014,1.6664,326.4420
12/2/2014,0.2652,89.0245
12/3/2014,0.6500,189.6810
12/4/2014,3.1770,632.8720
12/5/2014,1.4337,325.0800
12/6/2014,3.3097,584.3410
12/7/2014,2.6347,628.6870
12/8/2014,3.3616,568.4580
12/9/2014,3.3723,558.5480
12/10/2014,2.4261,670.9030
12/11/2014,1.0976,276.0100
12/12/2014,2.6020,795.6960
12/13/2014,3.4226,566.5300
12/14/2014,2.9847,636.2500
12/15/2014,2.3200,615.0250
12/16/2014,1.1400,340.9490
12/17/2014,2.6797,706.4030
12/18/2014,1.5181,433.7660
12/19/2014,2.5743,586.0860
12/20/2014,2.0388,686.9230
12/21/2014,2.1398,560.7790
12/22/2014,3.1573,560.2560
12/23/2014,3.3756,556.9620
12/24/2014,2.8210,638.6990
12/25/2014,3.5112,578.3160
12/26/2014,3.5401,582.9800
12/27/2014,3.4772,682.3320
12/28/2014,3.0871,762.7480
12/29/2014,3.3973,700.0030
12/30/2014,1.2498,581.2120
12/31/2014,3.5064,579.7730
1/1/2015,3.4698,573.4520
1/2/2015,3.4762,576.3840
1/3/2015,3.3706,568.7680
1/4/2015,3.3154,653.5840
1/5/2015,3.5489,577.1230
1/6/2015,3.6140,588.0910
1/7/2015,3.3590,652.7780
1/8/2015,3.0120,808.6520
1/9/2015,2.8722,700.5970
1/10/2015,1.1299,410.5920
1/11/2015,1.4158,710.3460
1/12/2015,2.7059,751.6370
1/13/2015,3.3211,608.1790
1/14/2015,3.7504,611.4440
1/15/2015,3.8217,613.7170
1/16/2015,3.5903,746.6480
1/17/2015,3.7272,603.7060
1/18/2015,3.2511,705.5430
1/19/2015,3.4818,596.0620
1/20/2015,1.1103,389.5210
1/21/2015,3.5858,597.7120
1/22/2015,3.2586,780.4030
1/23/2015,4.0290,640.2410
1/24/2015,4.0448,641.7190
1/25/2015,3.5548,737.1580
1/26/2015,2.0111,740.6380
1/27/2015,3.8726,622.2220
1/28/2015,2.4751,542.7980
1/29/2015,1.8632,471.4400
1/30/2015,1.7588,736.6460
1/31/2015,3.7478,715.8790
2/1/2015,4.1104,668.7030
2/2/2015,4.2499,677.7590
2/3/2015,3.9231,767.9250
2/4/2015,3.8752,668.8330
2/5/2015,3.8814,674.2460
2/6/2015,4.1637,672.8570
2/7/2015,2.1925,869.9240
2/8/2015,3.6389,717.0650
2/9/2015,4.4772,715.1900
2/10/2015,4.6442,704.4020
2/11/2015,4.2879,852.7010
2/12/2015,4.8522,726.7980
2/13/2015,4.8647,727.0930
2/14/2015,4.7697,720.3240
2/15/2015,4.7488,710.1560
2/16/2015,4.2837,830.7130
2/17/2015,4.2310,728.1930
2/18/2015,4.2778,715.5340
2/19/2015,4.0029,747.6070
2/20/2015,4.2152,948.2980
2/21/2015,3.0773,877.6680
2/22/2015,2.0794,1080.9500
2/23/2015,4.9481,790.8010
2/24/2015,5.3866,788.5700
2/25/2015,5.1839,768.2460
2/26/2015,4.4942,971.2210
2/27/2015,3.1688,1037.1600
2/28/2015,5.0352,1031.9000
3/1/2015,2.6229,1081.2800
3/2/2015,4.1606,954.0890
3/3/2015,5.4946,800.7010
3/4/2015,5.7237,834.6290
3/5/2015,5.9093,846.4980
3/6/2015,5.9811,846.0460
3/7/2015,5.9189,840.4940
3/8/2015,5.8912,825.5090
3/9/2015,5.5391,822.0090
3/10/2015,5.0897,940.4570
3/11/2015,1.6554,399.8520
3/12/2015,5.8724,837.1460
3/13/2015,5.9863,899.2550
3/14/2015,5.8841,848.7410
3/15/2015,4.8849,881.6790
3/16/2015,5.5592,916.7440
3/17/2015,4.5395,1054.4900
3/18/2015,3.5357,996.1320
3/19/2015,5.5094,841.1400
3/20/2015,5.9166,882.3140
3/21/2015,5.3077,1064.2100
3/22/2015,5.0070,922.1420
3/23/2015,6.3299,868.4540
3/24/2015,6.4490,878.1990
3/25/2015,6.4601,881.5770
3/26/2015,6.6792,900.0400
3/27/2015,6.7099,908.6540
3/28/2015,6.5509,1056.3700
3/29/2015,6.3829,914.5030
3/30/2015,6.4131,912.6820
3/31/2015,5.8423,1102.5800
4/1/2015,6.7846,935.1620
4/2/2015,6.8950,919.4790
4/3/2015,6.9536,948.7980
4/4/2015,7.1911,949.1650
4/5/2015,6.1196,1102.4500
4/6/2015,7.0854,949.5560
4/7/2015,5.4322,1222.1000
4/8/2015,7.0872,956.1390
4/9/2015,7.2536,945.2990
4/10/2015,6.4845,970.9080
4/11/2015,6.8648,934.2290
4/12/2015,7.0342,939.2440
4/13/2015,6.2464,943.7580
4/14/2015,6.8966,947.2540
4/15/2015,7.2112,961.9950
4/16/2015,7.4231,986.7690
4/17/2015,7.3558,978.7440
4/18/2015,7.2472,964.5790
4/19/2015,7.1830,981.5370
4/20/2015,5.8481,1084.4500
4/21/2015,4.9896,1090.4800
4/22/2015,4.0635,1155.7100
4/23/2015,5.6169,1216.4800
4/24/2015,2.9686,1140.0300
4/25/2015,3.8881,1043.4200
4/26/2015,6.3225,991.3940
4/27/2015,7.4478,985.4810
4/28/2015,7.6480,999.9280
4/29/2015,7.3711,1018.8200
4/30/2015,5.7096,1100.6100
5/1/2015,5.4191,1007.1600
5/2/2015,6.0457,986.4810
5/3/2015,5.5249,973.7390
5/4/2015,4.3191,1152.2000
5/5/2015,3.3040,1087.0200
5/6/2015,3.0034,1180.8000
5/7/2015,4.7404,1172.3900
5/8/2015,2.9479,1162.3100
5/9/2015,5.7433,1142.6800
5/10/2015,6.3996,1064.8200
5/11/2015,5.9844,1053.1000
5/12/2015,4.9684,1068.5000
5/13/2015,4.1581,1028.8000
5/14/2015,1.3820,1199.1900
5/15/2015,4.4248,1220.1800
5/16/2015,4.3219,1272.3800
5/17/2015,3.6362,1193.9200
5/18/2015,5.8766,988.5480
5/19/2015,6.0881,993.4430
5/20/2015,5.8093,1004.3200
5/21/2015,5.6532,1155.5100
5/22/2015,4.6178,1296.3600
5/23/2015,5.3547,1099.6700
5/24/2015,5.7832,1087.7000
5/25/2015,2.0677,1139.6700
5/26/2015,2.8387,1150.1400
5/27/2015,5.0099,1194.7500
5/28/2015,4.8981,1149.5200
5/29/2015,5.2641,1070.3600
5/30/2015,4.2402,1228.7500
5/31/2015,3.4191,1212.0600
6/1/2015,5.6981,1059.8800
6/2/2015,5.3842,1008.0300
6/3/2015,2.8930,1003.9300
6/4/2015,-99999,-99999
6/5/2015,4.1863,1061.7700
6/6/2015,4.9763,1043.6900
6/7/2015,5.7025,1097.9400
6/8/2015,4.8188,1123.5000
6/9/2015,-99999,-99999
6/10/2015,-99999,-99999
6/11/2015,2.0069,1044.0200
6/12/2015,-99999,-99999
6/13/2015,-99999,-99999
6/14/2015,3.0603,1395.6800
6/15/2015,2.5287,1121.3300
6/16/2015,2.5639,1118.1600
6/17/2015,4.8931,1378.0700
6/18/2015,5.8094,1143.7800
6/19/2015,5.8076,1167.9400
6/20/2015,5.7484,1013.5500
6/21/2015,5.6549,989.9960
6/22/2015,5.9101,1006.7300
6/23/2015,5.6384,989.8480
6/24/2015,5.8147,1006.9300
6/25/2015,5.9513,1102.5700
6/26/2015,4.0599,1253.9700
6/27/2015,-99999,-99999
6/28/2015,4.5228,1027.9600
6/29/2015,3.7370,1146.7800
6/30/2015,4.5139,972.5350
7/1/2015,-99999,-99999
7/2/2015,4.7333,984.2360
7/3/2015,4.3519,1242.3300
7/4/2015,4.6197,1119.5300
7/5/2015,1.9565,1112.6100
7/6/2015,0.2310,1023.6000
7/7/2015,2.8133,1113.4300
7/8/2015,-99999,-99999
7/9/2015,4.8013,1076.7500
7/10/2015,8.1930,1009.7800
7/11/2015,7.9966,995.8540
7/12/2015,8.3031,996.3730
7/13/2015,8.1997,988.4880
7/14/2015,7.6975,997.2900
7/15/2015,7.6355,979.7560
7/16/2015,7.8437,993.7730
7/17/2015,7.9878,991.0120
7/18/2015,2.6571,1256.0500
7/19/2015,6.4937,1141.7900
7/20/2015,5.2661,1060.0800
7/21/2015,5.9022,1156.0500
7/22/2015,7.0086,1184.9200
7/23/2015,5.7160,1016.8400
7/24/2015,7.0105,972.0910
7/25/2015,7.9914,979.2840
7/26/2015,7.6669,981.3040
7/27/2015,7.6553,975.7100
7/28/2015,7.8953,979.3640
7/29/2015,6.7115,934.9130
7/30/2015,6.3682,1020.9000
7/31/2015,6.3476,1044.1800
8/1/2015,7.0461,967.2050
8/2/2015,6.7560,963.1600
8/3/2015,6.9044,1106.5300
8/4/2015,7.6598,951.3220
8/5/2015,7.5068,1030.2800
8/6/2015,5.7552,1262.0700
8/7/2015,7.3453,969.4640
8/8/2015,7.5019,971.2450
8/9/2015,6.4305,1129.1900
8/10/2015,6.2364,1253.3900
8/11/2015,6.5395,963.9870
8/12/2015,7.7419,968.9540
8/13/2015,7.1731,1069.8000
8/14/2015,7.4248,931.9850
8/15/2015,7.3877,930.7600
8/16/2015,7.4076,936.7210
8/17/2015,7.1879,921.4710
8/18/2015,6.1976,1005.4300
8/19/2015,6.4725,943.7870
8/20/2015,6.1863,943.5130
8/21/2015,4.9196,1093.0500
8/22/2015,6.2244,939.9420
8/23/2015,6.5790,1137.6800
8/24/2015,7.0634,1048.3300
8/25/2015,3.8476,1244.1600
8/26/2015,6.9667,893.6600
8/27/2015,6.8303,889.3410
8/28/2015,6.8083,890.5310
8/29/2015,6.8930,896.0260
8/30/2015,6.7055,883.6330
8/31/2015,6.3443,1022.0300
9/1/2015,5.4318,973.3020
9/2/2015,6.1205,948.4040
9/3/2015,5.8688,1033.8500
9/4/2015,5.1178,1040.4500
9/5/2015,6.4085,887.1300
9/6/2015,6.6443,880.3130
9/7/2015,6.5086,858.5140
9/8/2015,6.3488,845.7090
9/9/2015,5.9756,952.9910
9/10/2015,4.5707,1138.9300
9/11/2015,5.8071,1148.8000
9/12/2015,3.7888,1137.0900
9/13/2015,6.2804,849.2010
9/14/2015,5.3921,1179.7900
9/15/2015,4.8501,1150.9900
9/16/2015,6.2195,895.8810
9/17/2015,6.2484,848.7740
9/18/2015,6.2428,846.1030
9/19/2015,6.0852,837.7720
9/20/2015,5.9738,816.3110
9/21/2015,4.7771,898.3580
9/22/2015,5.3710,822.5150
9/23/2015,5.8000,812.3700
9/24/2015,5.7771,802.6930
9/25/2015,5.7601,805.2740
9/26/2015,5.6842,817.6970
9/27/2015,5.4182,807.7390
9/28/2015,5.5652,800.4040
9/29/2015,5.7616,810.9380
9/30/2015,5.6208,791.2390
10/1/2015,5.5308,774.3460
10/2/2015,5.5665,795.3970
10/3/2015,5.3960,765.9410
10/4/2015,3.7802,1006.2300
10/5/2015,5.0478,850.4870
10/6/2015,5.2156,812.1990
10/7/2015,5.1988,746.3540
10/8/2015,5.0324,753.6580
10/9/2015,5.1498,753.3250
10/10/2015,5.1145,738.5640
10/11/2015,5.1042,736.6790
10/12/2015,4.4311,759.8900
10/13/2015,4.8289,705.9200
10/14/2015,4.0708,966.6420
10/15/2015,3.6547,981.4520
10/16/2015,1.4287,381.3110
10/17/2015,4.4371,823.8530
10/18/2015,3.4862,855.8760
10/19/2015,4.0593,828.9760
10/20/2015,4.6471,695.9010
10/21/2015,4.7168,696.1520
10/22/2015,4.2005,720.5930
10/23/2015,4.3965,761.3380
10/24/2015,4.4933,731.6210
10/25/2015,2.8010,823.6920
10/26/2015,4.6425,693.4160
10/27/2015,2.8825,845.8160
10/28/2015,2.4730,741.2030
10/29/2015,4.4465,672.4760
10/30/2015,4.5400,682.0670
10/31/2015,4.4278,668.4470
11/1/2015,4.2977,660.0600
11/2/2015,2.6144,936.9360
11/3/2015,4.1044,666.2390
11/4/2015,4.3544,671.0280
11/5/2015,4.3042,661.0210
11/6/2015,4.3548,672.1660
11/7/2015,4.3574,670.3930
11/8/2015,4.1746,651.1010
11/9/2015,3.1858,897.5000
11/10/2015,4.1556,646.0610
11/11/2015,4.2401,655.6200
11/12/2015,4.2665,668.5050
11/13/2015,4.1497,649.1620
11/14/2015,4.0220,627.1060
11/15/2015,2.4797,782.9480
11/16/2015,4.0145,634.1060
11/17/2015,3.9353,620.4280
11/18/2015,3.8825,616.8250
11/19/2015,3.9205,618.1320
11/20/2015,3.8276,604.5200
11/21/2015,3.7611,600.8400
11/22/2015,3.8410,610.4790
11/23/2015,3.7283,591.6570
11/24/2015,3.1633,712.6830
11/25/2015,3.7128,602.0150
11/26/2015,3.7508,737.6180
11/27/2015,3.5467,585.2570
11/28/2015,3.5989,682.0750
11/29/2015,3.6845,595.7710
11/30/2015,3.4876,690.6510
12/1/2015,3.5596,587.8320
12/2/2015,3.5442,592.9810
12/3/2015,2.9240,698.5700
12/4/2015,2.4066,571.1400
12/5/2015,3.3739,685.8710
12/6/2015,3.0446,685.3520
12/7/2015,3.1092,637.0740
12/8/2015,3.1918,553.2470
12/9/2015,2.5748,646.1360
12/10/2015,2.5597,752.1580
12/11/2015,3.2030,680.8780
12/12/2015,3.4612,568.5610
12/13/2015,3.0437,564.4440
12/14/2015,3.4798,581.6360
12/15/2015,3.4782,568.6830
12/16/2015,3.4397,574.4320
12/17/2015,3.3023,549.2850
12/18/2015,3.4232,567.2180
12/19/2015,2.9888,582.8130
12/20/2015,2.7446,644.3900
12/21/2015,2.7152,587.0780
12/22/2015,0.9239,299.2180
12/23/2015,3.3039,556.4280
12/24/2015,2.8625,626.6400
12/25/2015,3.4945,576.8710
12/26/2015,3.5714,589.4740
12/27/2015,2.9980,709.0440
12/28/2015,2.5408,716.3020
12/29/2015,3.4221,564.1520
12/30/2015,3.3707,557.9860
12/31/2015,3.4171,572.8300
1/1/2016,3.4243,582.1870
1/2/2016,2.8364,719.0650
1/3/2016,2.5390,774.8720
1/4/2016,2.9874,694.0240
1/5/2016,0.6994,554.2610
1/6/2016,0.6655,656.6060
1/7/2016,3.4082,680.4920
1/8/2016,3.4634,575.2190
1/9/2016,1.8138,512.2050
1/10/2016,1.7975,751.6690
1/11/2016,2.5629,569.7980
1/12/2016,3.7750,612.4920
1/13/2016,2.9031,635.3000
1/14/2016,3.1329,670.4990
1/15/2016,2.4239,724.8290
1/16/2016,2.8237,614.0660
1/17/2016,3.2282,706.7210
1/18/2016,2.1895,715.0240
1/19/2016,1.8373,681.0590
1/20/2016,2.9314,667.5630
1/21/2016,3.4505,695.9850
1/22/2016,2.6982,703.2130
1/23/2016,1.6700,499.2090
1/24/2016,3.8372,619.8130
1/25/2016,3.9703,635.7730
1/26/2016,4.1048,647.1600
1/27/2016,2.5990,741.6810
1/28/2016,3.9897,646.0920
1/29/2016,3.7325,694.3860
1/30/2016,2.0872,669.8850
1/31/2016,1.5968,811.8710
2/1/2016,4.2750,669.2970
2/2/2016,4.2915,664.7150
2/3/2016,4.2463,660.4610
2/4/2016,4.3752,679.3470
2/5/2016,4.4492,684.1310
2/6/2016,4.5324,692.4170
2/7/2016,4.5799,696.3690
2/8/2016,4.5650,694.8970
2/9/2016,4.6925,711.4550
2/10/2016,4.6746,716.3250
2/11/2016,4.6943,705.7630
2/12/2016,4.6641,722.1300
2/13/2016,3.8478,805.6300
2/14/2016,4.6341,767.9610
2/15/2016,4.8082,717.7760
2/16/2016,4.9672,738.0010
2/17/2016,2.1730,880.7980
2/18/2016,4.4990,786.8120
2/19/2016,4.9906,749.8310
2/20/2016,4.9294,759.9650
2/21/2016,5.1337,754.7850
2/22/2016,5.2127,776.3890
2/23/2016,4.7786,899.8220
2/24/2016,5.3509,782.0280
2/25/2016,5.3382,777.1830
2/26/2016,5.0133,819.6120
2/27/2016,4.7496,923.7980
2/28/2016,4.3158,908.9930
2/29/2016,3.6645,936.8380
3/1/2016,4.9018,816.8470
3/2/2016,3.7995,856.9190
3/3/2016,4.4868,855.4400
3/4/2016,3.5931,920.3940
3/5/2016,1.4651,388.8120
3/6/2016,5.6158,817.1660
3/7/2016,4.3275,882.0740
3/8/2016,5.9059,833.9240
3/9/2016,5.6009,830.1490
3/10/2016,5.3713,969.3550
3/11/2016,2.8117,935.9410
3/12/2016,5.9245,830.8000
3/13/2016,5.5136,1012.9900
3/14/2016,5.4799,988.9800
3/15/2016,6.0198,838.5150
3/16/2016,6.1495,849.5480
3/17/2016,6.0727,840.6440
3/18/2016,5.9162,868.8040
3/19/2016,4.8012,1050.7800
3/20/2016,3.9512,856.9290
3/21/2016,4.6113,962.0700
3/22/2016,6.4056,908.7930
3/23/2016,6.7286,909.4800
3/24/2016,6.6302,896.7260
3/25/2016,6.5615,992.4510
3/26/2016,6.4970,882.3560
3/27/2016,5.5786,926.8090
3/28/2016,5.4043,1191.0600
3/29/2016,6.9243,912.8950
3/30/2016,6.5484,908.2990
3/31/2016,6.7868,904.5540
4/1/2016,6.6810,892.0130
4/2/2016,6.7582,901.6130
4/3/2016,6.3980,1090.7200
4/4/2016,6.9328,924.3930
4/5/2016,6.8931,967.6220
4/6/2016,5.0437,971.2130
4/7/2016,1.8772,410.1420
4/8/2016,1.5873,311.6260
4/9/2016,2.3563,607.6820
4/10/2016,6.4720,1145.0500
4/11/2016,6.5748,951.6480
4/12/2016,7.1122,927.9230
4/13/2016,6.1947,927.8230
4/14/2016,6.9223,987.6300
4/15/2016,7.5112,991.0110
4/16/2016,7.6880,984.1200
4/17/2016,7.6088,975.6450
4/18/2016,7.5664,968.7220
4/19/2016,7.3705,982.7530
4/20/2016,7.6274,1001.9800
4/21/2016,7.5388,1018.3000
4/22/2016,7.1058,1093.4000
4/23/2016,7.7137,998.7270
4/24/2016,6.4214,1000.2200
4/25/2016,7.6841,975.5470
4/26/2016,7.2043,1014.9100
4/27/2016,7.4225,961.1520
4/28/2016,7.5213,963.1810
4/29/2016,6.5230,1106.4400
4/30/2016,7.2435,950.9730
5/1/2016,7.1622,1018.5400
5/2/2016,7.3945,1000.9000
5/3/2016,6.8056,1037.2000
5/4/2016,4.8567,1273.0000
5/5/2016,-99999,-99999