Time,Vcc
1.221762802,1.477
1.221862642,1.477
1.221962482,1.483
1.222062322,1.483
1.222162162,1.488
1.222262002,1.488
1.222361842,1.493
1.222461682,1.493
1.222561522,1.498
1.222661362,1.498
1.222761202,1.498
1.222861042,1.503
1.222960882,1.503
1.223060722,1.508
1.223160562,1.508
1.223260402,1.513
1.223360242,1.513
1.223460082,1.513
1.223559922,1.518
1.223659762,1.518
1.223759602,1.524
1.223859442,1.524
1.223959282,1.529
1.224059122,1.529
1.224158962,1.534
1.224258802,1.534
1.224358642,1.534
1.224458482,1.539
1.224558322,1.539
1.224658162,1.544
1.224758002,1.544
1.224857842,1.544
1.224957682,1.549
1.225057522,1.549
1.225157362,1.554
1.225257202,1.554
1.225357042,1.559
1.225456882,1.559
1.225556722,1.564
1.225656562,1.564
1.225756402,1.564
1.225856242,1.570
1.225956082,1.575
1.226055922,1.575
1.226155762,1.575
1.226255602,1.580
1.226355442,1.580
1.226455282,1.585
1.226555122,1.585
1.226654962,1.590
1.226754802,1.590
1.226854642,1.590
1.226954482,1.595
1.227054322,1.595
1.227154162,1.600
1.227254002,1.600
1.227353842,1.600
1.227453682,1.605
1.227553522,1.605
1.227653362,1.610
1.227753202,1.610
1.227853042,1.616
1.227952882,1.616
1.228052722,1.616
1.228152562,1.621
1.228252402,1.621
1.228352242,1.626
1.228452082,1.626
1.228551922,1.631
1.228651762,1.631
1.228751602,1.631
1.228851442,1.636
1.228951282,1.636
1.229051122,1.641
1.229150962,1.641
1.229250802,1.641
1.229350642,1.646
1.229450482,1.646
1.229550322,1.651
1.229650162,1.651
1.229750002,1.657
1.229849842,1.657
1.229949682,1.657
1.230049522,1.662
1.230149362,1.662
1.230249202,1.667
1.230349042,1.667
1.230448882,1.672
1.230548722,1.672
1.230648562,1.672
1.230748402,1.677
1.230848242,1.677
1.230948082,1.682
1.231047922,1.682
1.231147762,1.682
1.231247602,1.687
1.231347442,1.687
1.231447282,1.692
1.231547122,1.692
1.231646962,1.697
1.231746802,1.697
1.231846642,1.703
1.231946482,1.703
1.232046322,1.703
1.232146162,1.708
1.232246002,1.708
1.232345842,1.713
1.232445682,1.713
1.232545522,1.718
1.232645362,1.718
1.232745202,1.718
1.232845042,1.723
1.232944882,1.723
1.233044722,1.728
1.233144562,1.728
1.233244402,1.733
1.233344242,1.733
1.233444082,1.733
1.233543922,1.738
1.233643762,1.738
1.233743602,1.743
1.233843442,1.743
1.233943282,1.749
1.234043122,1.749
1.234142962,1.749
1.234242802,1.754
1.234342642,1.754
1.234442482,1.759
1.234542322,1.759
1.234642162,1.764
1.234742002,1.764
1.234841842,1.764
1.234941682,1.769
1.235041522,1.769
1.235141362,1.769
1.235241202,1.774
1.235341042,1.774
1.235440882,1.779
1.235540722,1.779
1.235640562,1.784
1.235740402,1.784
1.235840242,1.784
1.235940082,1.790
1.236039922,1.790
1.236139762,1.795
1.236239602,1.795
1.236339442,1.795
1.236439282,1.800
1.236539122,1.800
1.236638962,1.805
1.236738802,1.805
1.236838642,1.805
1.236938482,1.810
1.237038322,1.810
1.237138162,1.815
1.237238002,1.815
1.237337842,1.820
1.237437682,1.820
1.237537522,1.820
1.237637362,1.825
1.237737202,1.825
1.237837042,1.825
1.237936882,1.830
1.238036722,1.830
1.238136562,1.836
1.238236402,1.836
1.238336242,1.841
1.238436082,1.841
1.238535922,1.846
1.238635762,1.846
1.238735602,1.846
1.238835442,1.851
1.238935282,1.851
1.239035122,1.851
1.239134962,1.856
1.239234802,1.856
1.239334642,1.861
1.239434482,1.861
1.239534322,1.866
1.239634162,1.866
1.239734002,1.866
1.239833842,1.871
1.239933682,1.871
1.240033522,1.877
1.240133362,1.877
1.240233202,1.882
1.240333042,1.882
1.240432882,1.882
1.240532722,1.887
1.240632562,1.887
1.240732402,1.892
1.240832242,1.892
1.240932082,1.892
1.241031922,1.897
1.241131762,1.897
1.241231602,1.897
1.241331442,1.897
1.241431282,1.897
1.241531122,1.897
1.241630962,1.892
1.241730802,1.887
1.241830642,1.887
1.241930482,1.882
1.242030322,1.882
1.242130162,1.887
1.242230002,1.887
1.242329842,1.887
1.242429682,1.892
1.242529522,1.892
1.242629362,1.897
1.242729202,1.897
1.242829042,1.902
1.242928882,1.902
1.243028722,1.902
1.243128562,1.907
1.243228402,1.907
1.243328242,1.912
1.243428082,1.912
1.243527922,1.917
1.243627762,1.917
1.243727602,1.923
1.243827442,1.923
1.243927282,1.923
1.244027122,1.928
1.244126962,1.928
1.244226802,1.928
1.244326642,1.933
1.244426482,1.933
1.244526322,1.938
1.244626162,1.938
1.244726002,1.943
1.244825842,1.943
1.244925682,1.943
1.245025522,1.948
1.245125362,1.948
1.245225202,1.953
1.245325042,1.953
1.245424882,1.958
1.245524722,1.958
1.245624562,1.963
1.245724402,1.963
1.245824242,1.963
1.245924082,1.969
1.246023922,1.969
1.246123762,1.969
1.246223602,1.974
1.246323442,1.974
1.246423282,1.979
1.246523122,1.979
1.246622962,1.984
1.246722802,1.984
1.246822642,1.984
1.246922482,1.989
1.247022322,1.989
1.247122162,1.989
1.247222002,1.994
1.247321842,1.999
1.247421682,1.999
1.247521522,1.999
1.247621362,2.004
1.247721202,2.004
1.247821042,2.004
1.247920882,2.010
1.248020722,2.010
1.248120562,2.010
1.248220402,2.015
1.248320242,2.015
1.248420082,2.015
1.248519922,2.020
1.248619762,2.020
1.248719602,2.025
1.248819442,2.025
1.248919282,2.030
1.249019122,2.030
1.249118962,2.035
1.249218802,2.035
1.249318642,2.035
1.249418482,2.040
1.249518322,2.040
1.249618162,2.045
1.249718002,2.045
1.249817842,2.045
1.249917682,2.045
1.250017522,2.050
1.250117362,2.050
1.250217202,2.056
1.250317042,2.056
1.250416882,2.061
1.250516722,2.061
1.250616562,2.061
1.250716402,2.066
1.250816242,2.066
1.250916082,2.071
1.251015922,2.071
1.251115762,2.071
1.251215602,2.076
1.251315442,2.076
1.251415282,2.076
1.251515122,2.081
1.251614962,2.081
1.251714802,2.086
1.251814642,2.086
1.251914482,2.086
1.252014322,2.091
1.252114162,2.091
1.252214002,2.096
1.252313842,2.096
1.252413682,2.096
1.252513522,2.102
1.252613362,2.102
1.252713202,2.102
1.252813042,2.107
1.252912882,2.107
1.253012722,2.107
1.253112562,2.112
1.253212402,2.112
1.253312242,2.112
1.253412082,2.117
1.253511922,2.117
1.253611762,2.122
1.253711602,2.122
1.253811442,2.122
1.253911282,2.127
1.254011122,2.127
1.254110962,2.132
1.254210802,2.132
1.254310642,2.132
1.254410482,2.137
1.254510322,2.137
1.254610162,2.143
1.254710002,2.143
1.254809842,2.143
1.254909682,2.148
1.255009522,2.148
1.255109362,2.148
1.255209202,2.148
1.255309042,2.153
1.255408882,2.153
1.255508722,2.158
1.255608562,2.158
1.255708402,2.158
1.255808242,2.163
1.255908082,2.163
1.256007922,2.163
1.256107762,2.168
1.256207602,2.168
1.256307442,2.168
1.256407282,2.173
1.256507122,2.173
1.256606962,2.173
1.256706802,2.173
1.256806642,2.178
1.256906482,2.178
1.257006322,2.178
1.257106162,2.183
1.257206002,2.183
1.257305842,2.189
1.257405682,2.189
1.257505522,2.189
1.257605362,2.189
1.257705202,2.194
1.257805042,2.194
1.257904882,2.194
1.258004722,2.199
1.258104562,2.199
1.258204402,2.204
1.258304242,2.204
1.258404082,2.204
1.258503922,2.204
1.258603762,2.209
1.258703602,2.209
1.258803442,2.214
1.258903282,2.214
1.259003122,2.219
1.259102962,2.219
1.259202802,2.219
1.259302642,2.224
1.259402482,2.224
1.259502322,2.224
1.259602162,2.224
1.259702002,2.229
1.259801842,2.229
1.259901682,2.229
1.260001522,2.235
1.260101362,2.235
1.260201202,2.235
1.260301042,2.240
1.260400882,2.240
1.260500722,2.240
1.260600562,2.245
1.260700402,2.245
1.260800242,2.245
1.260900082,2.250
1.260999922,2.250
1.261099762,2.250
1.261199602,2.255
1.261299442,2.255
1.261399282,2.255
1.261499122,2.255
1.261598962,2.255
1.261698802,2.260
1.261798642,2.260
1.261898482,2.260
1.261998322,2.265
1.262098162,2.265
1.262198002,2.265
1.262297842,2.270
1.262397682,2.270
1.262497522,2.270
1.262597362,2.276
1.262697202,2.276
1.262797042,2.276
1.262896882,2.276
1.262996722,2.281
1.263096562,2.281
1.263196402,2.281
1.263296242,2.286
1.263396082,2.286
1.263495922,2.286
1.263595762,2.291
1.263695602,2.291
1.263795442,2.291
1.263895282,2.291
1.263995122,2.296
1.264094962,2.296
1.264194802,2.296
1.264294642,2.301
1.264394482,2.301
1.264494322,2.301
1.264594162,2.306
1.264694002,2.306
1.264793842,2.306
1.264893682,2.311
1.264993522,2.311
1.265093362,2.311
1.265193202,2.311
1.265293042,2.316
1.265392882,2.316
1.265492722,2.316
1.265592562,2.316
1.265692402,2.322
1.265792242,2.322
1.265892082,2.322
1.265991922,2.322
1.266091762,2.327
1.266191602,2.327
1.266291442,2.327
1.266391282,2.332
1.266491122,2.332
1.266590962,2.332
1.266690802,2.332
1.266790642,2.332
1.266890482,2.337
1.266990322,2.337
1.267090162,2.337
1.267190002,2.337
1.267289842,2.342
1.267389682,2.342
1.267489522,2.342
1.267589362,2.342
1.267689202,2.347
1.267789042,2.347
1.267888882,2.347
1.267988722,2.347
1.268088562,2.352
1.268188402,2.352
1.268288242,2.352
1.268388082,2.357
1.268487922,2.357
1.268587762,2.357
1.268687602,2.357
1.268787442,2.362
1.268887282,2.362
1.268987122,2.362
1.269086962,2.362
1.269186802,2.368
1.269286642,2.368
1.269386482,2.368
1.269486322,2.373
1.269586162,2.373
1.269686002,2.373
1.269785842,2.373
1.269885682,2.373
1.269985522,2.378
1.270085362,2.378
1.270185202,2.378
1.270285042,2.378
1.270384882,2.378
1.270484722,2.383
1.270584562,2.383
1.270684402,2.383
1.270784242,2.383
1.270884082,2.388
1.270983922,2.388
1.271083762,2.388
1.271183602,2.393
1.271283442,2.393
1.271383282,2.393
1.271483122,2.393
1.271582962,2.393
1.271682802,2.393
1.271782642,2.398
1.271882482,2.398
1.271982322,2.398
1.272082162,2.403
1.272182002,2.403
1.272281842,2.403
1.272381682,2.403
1.272481522,2.403
1.272581362,2.409
1.272681202,2.409
1.272781042,2.409
1.272880882,2.409
1.272980722,2.414
1.273080562,2.414
1.273180402,2.414
1.273280242,2.414
1.273380082,2.414
1.273479922,2.414
1.273579762,2.419
1.273679602,2.419
1.273779442,2.419
1.273879282,2.419
1.273979122,2.424
1.274078962,2.424
1.274178802,2.424
1.274278642,2.424
1.274378482,2.424
1.274478322,2.429
1.274578162,2.429
1.274678002,2.429
1.274777842,2.429
1.274877682,2.429
1.274977522,2.434
1.275077362,2.434
1.275177202,2.434
1.275277042,2.434
1.275376882,2.439
1.275476722,2.439
1.275576562,2.439
1.275676402,2.439
1.275776242,2.439
1.275876082,2.439
1.275975922,2.444
1.276075762,2.444
1.276175602,2.444
1.276275442,2.444
1.276375282,2.444
1.276475122,2.449
1.276574962,2.449
1.276674802,2.449
1.276774642,2.449
1.276874482,2.455
1.276974322,2.449
1.277074162,2.455
1.277174002,2.455
1.277273842,2.455
1.277373682,2.455
1.277473522,2.460
1.277573362,2.460
1.277673202,2.460
1.277773042,2.460
1.277872882,2.460
1.277972722,2.465
1.278072562,2.465
1.278172402,2.465
1.278272242,2.465
1.278372082,2.465
1.278471922,2.465
1.278571762,2.470
1.278671602,2.470
1.278771442,2.470
1.278871282,2.470
1.278971122,2.470
1.279070962,2.470
1.279170802,2.475
1.279270642,2.475
1.279370482,2.475
1.279470322,2.475
1.279570162,2.475
1.279670002,2.480
1.279769842,2.480
1.279869682,2.480
1.279969522,2.480
1.280069362,2.480
1.280169202,2.480
1.280269042,2.480
1.280368882,2.485
1.280468722,2.485
1.280568562,2.485
1.280668402,2.485
1.280768242,2.485
1.280868082,2.485
1.280967922,2.490
1.281067762,2.490
1.281167602,2.490
1.281267442,2.490
1.281367282,2.490
1.281467122,2.490
1.281566962,2.496
1.281666802,2.496
1.281766642,2.496
1.281866482,2.496
1.281966322,2.496
1.282066162,2.496
1.282166002,2.496
1.282265842,2.496
1.282365682,2.501
1.282465522,2.501
1.282565362,2.501
1.282665202,2.501
1.282765042,2.501
1.282864882,2.501
1.282964722,2.506
1.283064562,2.506
1.283164402,2.506
1.283264242,2.506
1.283364082,2.506
1.283463922,2.506
1.283563762,2.506
1.283663602,2.511
1.283763442,2.511
1.283863282,2.511
1.283963122,2.511
1.284062962,2.511
1.284162802,2.511
1.284262642,2.516
1.284362482,2.516
1.284462322,2.516
1.284562162,2.516
1.284662002,2.516
1.284761842,2.516
1.284861682,2.516
1.284961522,2.521
1.285061362,2.521
1.285161202,2.521
1.285261042,2.521
1.285360882,2.521
1.285460722,2.521
1.285560562,2.526
1.285660402,2.526
1.285760242,2.526
1.285860082,2.526
1.285959922,2.526
1.286059762,2.526
1.286159602,2.526
1.286259442,2.526
1.286359282,2.531
1.286459122,2.531
1.286558962,2.531
1.286658802,2.531
1.286758642,2.531
1.286858482,2.531
1.286958322,2.536
1.287058162,2.536
1.287158002,2.536
1.287257842,2.536
1.287357682,2.536
1.287457522,2.536
1.287557362,2.536
1.287657202,2.536
1.287757042,2.542
1.287856882,2.542
1.287956722,2.542
1.288056562,2.542
1.288156402,2.542
1.288256242,2.542
1.288356082,2.547
1.288455922,2.542
1.288555762,2.547
1.288655602,2.547
1.288755442,2.547
1.288855282,2.547
1.288955122,2.547
1.289054962,2.547
1.289154802,2.547
1.289254642,2.552
1.289354482,2.552
1.289454322,2.552
1.289554162,2.552
1.289654002,2.552
1.289753842,2.552
1.289853682,2.552
1.289953522,2.552
1.290053362,2.557
1.290153202,2.557
1.290253042,2.557
1.290352882,2.557
1.290452722,2.557
1.290552562,2.557
1.290652402,2.557
1.290752242,2.557
1.290852082,2.562
1.290951922,2.557
1.291051762,2.562
1.291151602,2.562
1.291251442,2.562
1.291351282,2.562
1.291451122,2.562
1.291550962,2.562
1.291650802,2.562
1.291750642,2.567
1.291850482,2.567
1.291950322,2.567
1.292050162,2.567
1.292150002,2.567
1.292249842,2.567
1.292349682,2.567
1.292449522,2.572
1.292549362,2.572
1.292649202,2.572
1.292749042,2.572
1.292848882,2.572
1.292948722,2.572
1.293048562,2.572
1.293148402,2.572
1.293248242,2.572
1.293348082,2.572
1.293447922,2.572
1.293547762,2.577
1.293647602,2.577
1.293747442,2.577
1.293847282,2.577
1.293947122,2.577
1.294046962,2.577
1.294146802,2.577
1.294246642,2.577
1.294346482,2.582
1.294446322,2.582
1.294546162,2.582
1.294646002,2.582
1.294745842,2.582
1.294845682,2.582
1.294945522,2.582
1.295045362,2.582
1.295145202,2.582
1.295245042,2.588
1.295344882,2.582
1.295444722,2.588
1.295544562,2.588
1.295644402,2.588
1.295744242,2.588
1.295844082,2.588
1.295943922,2.588
1.296043762,2.588
1.296143602,2.593
1.296243442,2.588
1.296343282,2.593
1.296443122,2.593
1.296542962,2.593
1.296642802,2.593
1.296742642,2.593
1.296842482,2.593
1.296942322,2.593
1.297042162,2.593
1.297142002,2.593
1.297241842,2.598
1.297341682,2.593
1.297441522,2.598
1.297541362,2.598
1.297641202,2.582
1.297741042,2.572
1.297840882,2.567
1.297940722,2.567
1.298040562,2.567
1.298140402,2.567
1.298240242,2.572
1.298340082,2.567
1.298439922,2.572
1.298539762,2.572
1.298639602,2.572
1.298739442,2.572
1.298839282,2.572
1.298939122,2.572
1.299038962,2.572
1.299138802,2.577
1.299238642,2.577
1.299338482,2.577
1.299438322,2.577
1.299538162,2.577
1.299638002,2.577
1.299737842,2.577
1.299837682,2.577
1.299937522,2.577
1.300037362,2.582
1.300137202,2.582
1.300237042,2.582
1.300336882,2.582
1.300436722,2.582
1.300536562,2.582
1.300636402,2.582
1.300736242,2.582
1.300836082,2.588
1.300935922,2.588
1.301035762,2.588
1.301135602,2.588
1.301235442,2.588
1.301335282,2.588
1.301435122,2.588
1.301534962,2.588
1.301634802,2.593
1.301734642,2.593
1.301834482,2.593
1.301934322,2.593
1.302034162,2.593
1.302134002,2.593
1.302233842,2.593
1.302333682,2.593
1.302433522,2.593
1.302533362,2.593
1.302633202,2.598
1.302733042,2.598
1.302832882,2.598
1.302932722,2.598
1.303032562,2.598
1.303132402,2.598
1.303232242,2.598
1.303332082,2.598
1.303431922,2.598
1.303531762,2.603
1.303631602,2.598
1.303731442,2.598
1.303831282,2.603
1.303931122,2.603
1.304030962,2.603
1.304130802,2.603
1.304230642,2.603
1.304330482,2.603
1.304430322,2.603
1.304530162,2.603
1.304630002,2.603
1.304729842,2.608
1.304829682,2.608
1.304929522,2.608
1.305029362,2.608
1.305129202,2.608
1.305229042,2.608
1.305328882,2.608
1.305428722,2.608
1.305528562,2.613
1.305628402,2.613
1.305728242,2.613
1.305828082,2.613
1.305927922,2.613
1.306027762,2.613
1.306127602,2.613
1.306227442,2.613
1.306327282,2.613
1.306427122,2.613
1.306526962,2.613
1.306626802,2.613
1.306726642,2.613
1.306826482,2.618
1.306926322,2.618
1.307026162,2.618
1.307126002,2.618
1.307225842,2.618
1.307325682,2.618
1.307425522,2.618
1.307525362,2.618
1.307625202,2.618
1.307725042,2.618
1.307824882,2.618
1.307924722,2.618
1.308024562,2.618
1.308124402,2.623
1.308224242,2.623
1.308324082,2.623
1.308423922,2.623
1.308523762,2.623
1.308623602,2.623
1.308723442,2.623
1.308823282,2.623
1.308923122,2.623
1.309022962,2.623
1.309122802,2.623
1.309222642,2.623
1.309322482,2.629
1.309422322,2.629
1.309522162,2.629
1.309622002,2.629
1.309721842,2.629
1.309821682,2.629
1.309921522,2.629
1.310021362,2.629
1.310121202,2.629
1.310221042,2.629
1.310320882,2.629
1.310420722,2.629
1.310520562,2.634
1.310620402,2.634
1.310720242,2.634
1.310820082,2.634
1.310919922,2.634
1.311019762,2.634
1.311119602,2.634
1.311219442,2.634
1.311319282,2.634
1.311419122,2.634
1.311518962,2.634
1.311618802,2.634
1.311718642,2.634
1.311818482,2.634
1.311918322,2.634
1.312018162,2.634
1.312118002,2.639
1.312217842,2.639
1.312317682,2.639
1.312417522,2.639
1.312517362,2.639
1.312617202,2.639
1.312717042,2.639
1.312816882,2.639
1.312916722,2.639
1.313016562,2.639
1.313116402,2.639
1.313216242,2.639
1.313316082,2.639
1.313415922,2.644
1.313515762,2.639
1.313615602,2.644
1.313715442,2.644
1.313815282,2.644
1.313915122,2.644
1.314014962,2.644
1.314114802,2.644
1.314214642,2.644
1.314314482,2.644
1.314414322,2.644
1.314514162,2.644
1.314614002,2.644
1.314713842,2.644
1.314813682,2.649
1.314913522,2.649
1.315013362,2.649
1.315113202,2.649
1.315213042,2.649
1.315312882,2.649
1.315412722,2.649
1.315512562,2.649
1.315612402,2.649
1.315712242,2.649
1.315812082,2.649
1.315911922,2.649
1.316011762,2.649
1.316111602,2.649
1.316211442,2.649
1.316311282,2.654
1.316411122,2.649
1.316510962,2.654
1.316610802,2.654
1.316710642,2.649
1.316810482,2.654
1.316910322,2.654
1.317010162,2.654
1.317110002,2.654
1.317209842,2.654
1.317309682,2.654
1.317409522,2.654
1.317509362,2.654
1.317609202,2.654
1.317709042,2.654
1.317808882,2.654
1.317908722,2.659
1.318008562,2.659
1.318108402,2.659
1.318208242,2.659
1.318308082,2.659
1.318407922,2.659
1.318507762,2.659
1.318607602,2.659
1.318707442,2.659
1.318807282,2.659
1.318907122,2.659
1.319006962,2.659
1.319106802,2.659
1.319206642,2.659
1.319306482,2.659
1.319406322,2.659
1.319506162,2.659
1.319606002,2.664
1.319705842,2.659
1.319805682,2.664
1.319905522,2.664
1.320005362,2.664
1.320105202,2.664
1.320205042,2.664
1.320304882,2.664
1.320404722,2.664
1.320504562,2.664
1.320604402,2.664
1.320704242,2.664
1.320804082,2.664
1.320903922,2.664
1.321003762,2.664
1.321103602,2.664
1.321203442,2.664
1.321303282,2.664
1.321403122,2.664
1.321502962,2.669
1.321602802,2.664
1.321702642,2.669
1.321802482,2.669
1.321902322,2.669
1.322002162,2.669
1.322102002,2.669
1.322201842,2.669
1.322301682,2.669
1.322401522,2.669
1.322501362,2.669
1.322601202,2.669
1.322701042,2.669
1.322800882,2.669
1.322900722,2.669
1.323000562,2.669
1.323100402,2.669
1.323200242,2.669
1.323300082,2.669
1.323399922,2.675
1.323499762,2.669
1.323599602,2.675
1.323699442,2.675
1.323799282,2.675
1.323899122,2.675
1.323998962,2.675
1.324098802,2.675
1.324198642,2.675
1.324298482,2.675
1.324398322,2.675
1.324498162,2.675
1.324598002,2.675
1.324697842,2.675
1.324797682,2.675
1.324897522,2.675
1.324997362,2.675
1.325097202,2.675
1.325197042,2.675
1.325296882,2.675
1.325396722,2.675
1.325496562,2.675
1.325596402,2.675
1.325696242,2.680
1.325796082,2.680
1.325895922,2.680
1.325995762,2.680
1.326095602,2.680
1.326195442,2.680
1.326295282,2.680
1.326395122,2.680
1.326494962,2.680
1.326594802,2.680
1.326694642,2.680
1.326794482,2.680
1.326894322,2.680
1.326994162,2.680
1.327094002,2.680
1.327193842,2.680
1.327293682,2.680
1.327393522,2.680
1.327493362,2.685
1.327593202,2.680
1.327693042,2.680
1.327792882,2.685
1.327892722,2.680
1.327992562,2.685
1.328092402,2.685
1.328192242,2.685
1.328292082,2.685
1.328391922,2.685
1.328491762,2.685
1.328591602,2.685
1.328691442,2.685
1.328791282,2.685
1.328891122,2.685
1.328990962,2.685
1.329090802,2.685
1.329190642,2.685
1.329290482,2.685
1.329390322,2.685
1.329490162,2.690
1.329590002,2.685
1.329689842,2.685
1.329789682,2.685
1.329889522,2.685
1.329989362,2.685
1.330089202,2.685
1.330189042,2.685
1.330288882,2.685
1.330388722,2.690
1.330488562,2.690
1.330588402,2.690
1.330688242,2.690
1.330788082,2.690
1.330887922,2.690
1.330987762,2.690
1.331087602,2.690
1.331187442,2.690
1.331287282,2.690
1.331387122,2.690
1.331486962,2.690
1.331586802,2.690
1.331686642,2.690
1.331786482,2.690
1.331886322,2.690
1.331986162,2.690
1.332086002,2.690
1.332185842,2.690
1.332285682,2.690
1.332385522,2.690
1.332485362,2.695
1.332585202,2.695
1.332685042,2.695
1.332784882,2.695
1.332884722,2.695
1.332984562,2.695
1.333084402,2.695
1.333184242,2.695
1.333284082,2.695
1.333383922,2.695
1.333483762,2.695
1.333583602,2.695
1.333683442,2.695
1.333783282,2.695
1.333883122,2.695
1.333982962,2.695
1.334082802,2.695
1.334182642,2.695
1.334282482,2.695
1.334382322,2.695
1.334482162,2.695
1.334582002,2.695
1.334681842,2.695
1.334781682,2.695
1.334881522,2.695
1.334981362,2.695
1.335081202,2.695
1.335181042,2.700
1.335280882,2.700
1.335380722,2.700
1.335480562,2.700
1.335580402,2.700
1.335680242,2.700
1.335780082,2.700
1.335879922,2.700
1.335979762,2.700
1.336079602,2.700
1.336179442,2.700
1.336279282,2.700
1.336379122,2.700
1.336478962,2.700
1.336578802,2.700
1.336678642,2.700
1.336778482,2.700
1.336878322,2.700
1.336978162,2.700
1.337078002,2.700
1.337177842,2.700
1.337277682,2.700
1.337377522,2.700
1.337477362,2.700
1.337577202,2.705
1.337677042,2.700
1.337776882,2.700
1.337876722,2.700
1.337976562,2.705
1.338076402,2.700
1.338176242,2.705
1.338276082,2.705
1.338375922,2.705
1.338475762,2.705
1.338575602,2.705
1.338675442,2.705
1.338775282,2.705
1.338875122,2.705
1.338974962,2.705
1.339074802,2.705
1.339174642,2.705
1.339274482,2.705
1.339374322,2.705
1.339474162,2.705
1.339574002,2.705
1.339673842,2.705
1.339773682,2.705
1.339873522,2.705
1.339973362,2.705
1.340073202,2.705
1.340173042,2.705
1.340272882,2.705
1.340372722,2.705
1.340472562,2.705
1.340572402,2.705
1.340672242,2.705
1.340772082,2.710
1.340871922,2.705
1.340971762,2.705
1.341071602,2.710
1.341171442,2.710
1.341271282,2.710
1.341371122,2.705
1.341470962,2.710
1.341570802,2.710
1.341670642,2.710
1.341770482,2.710
1.341870322,2.710
1.341970162,2.710
1.342070002,2.710
1.342169842,2.710
1.342269682,2.710
1.342369522,2.710
1.342469362,2.710
1.342569202,2.710
1.342669042,2.710
1.342768882,2.710
1.342868722,2.710
1.342968562,2.710
1.343068402,2.710
1.343168242,2.705
1.343268082,2.695
1.343367922,2.685
1.343467762,2.680
1.343567602,2.669
1.343667442,2.659
1.343767282,2.654
1.343867122,2.644
1.343966962,2.634
1.344066802,2.629
1.344166642,2.618
1.344266482,2.608
1.344366322,2.603
1.344466162,2.593
1.344566002,2.588
1.344665842,2.577
1.344765682,2.572
1.344865522,2.562
1.344965362,2.557
1.345065202,2.547
1.345165042,2.536
1.345264882,2.531
1.345364722,2.526
1.345464562,2.521
1.345564402,2.516
1.345664242,2.506
1.345764082,2.501
1.345863922,2.496
1.345963762,2.485
1.346063602,2.480
1.346163442,2.470
1.346263282,2.465
1.346363122,2.460
1.346462962,2.449
1.346562802,2.444
1.346662642,2.439
1.346762482,2.429
1.346862322,2.424
1.346962162,2.419
1.347062002,2.409
1.347161842,2.403
1.347261682,2.398
1.347361522,2.388
1.347461362,2.383
1.347561202,2.378
1.347661042,2.368
1.347760882,2.362
1.347860722,2.357
1.347960562,2.347
1.348060402,2.342
1.348160242,2.337
1.348260082,2.332
1.348359922,2.327
1.348459762,2.316
1.348559602,2.311
1.348659442,2.301
1.348759282,2.296
1.348859122,2.291
1.348958962,2.286
1.349058802,2.281
1.349158642,2.276
1.349258482,2.265
1.349358322,2.260
1.349458162,2.255
1.349558002,2.250
1.349657842,2.245
1.349757682,2.240
1.349857522,2.229
1.349957362,2.224
1.350057202,2.219
1.350157042,2.214
1.350256882,2.209
1.350356722,2.199
1.350456562,2.194
1.350556402,2.189
1.350656242,2.183
1.350756082,2.178
1.350855922,2.173
1.350955762,2.168
1.351055602,2.163
1.351155442,2.158
1.351255282,2.148
1.351355122,2.143
1.351454962,2.137
1.351554802,2.132
1.351654642,2.127
1.351754482,2.122
1.351854322,2.117
1.351954162,2.107
1.352054002,2.102
1.352153842,2.096
1.352253682,2.091
1.352353522,2.086
1.352453362,2.081
1.352553202,2.076
1.352653042,2.071
1.352752882,2.066
1.352852722,2.066
1.352952562,2.071
1.353052402,2.076
1.353152242,2.076
1.353252082,2.081
1.353351922,2.081
1.353451762,2.086
1.353551602,2.086
1.353651442,2.091
1.353751282,2.091
1.353851122,2.096
1.353950962,2.096
1.354050802,2.102
1.354150642,2.102
1.354250482,2.107
1.354350322,2.107
1.354450162,2.112
1.354550002,2.112
1.354649842,2.117
1.354749682,2.117
1.354849522,2.122
1.354949362,2.127
1.355049202,2.127
1.355149042,2.132
1.355248882,2.132
1.355348722,2.137
1.355448562,2.137
1.355548402,2.143
1.355648242,2.143
1.355748082,2.143
1.355847922,2.148
1.355947762,2.153
1.356047602,2.153
1.356147442,2.153
1.356247282,2.158
1.356347122,2.163
1.356446962,2.163
1.356546802,2.163
1.356646642,2.168
1.356746482,2.168
1.356846322,2.173
1.356946162,2.173
1.357046002,2.178
1.357145842,2.178
1.357245682,2.178
1.357345522,2.183
1.357445362,2.183
1.357545202,2.189
1.357645042,2.189
1.357744882,2.194
1.357844722,2.194
1.357944562,2.194
1.358044402,2.183
1.358144242,2.178
1.358244082,2.173
1.358343922,2.168
1.358443762,2.163
1.358543602,2.158
1.358643442,2.153
1.358743282,2.148
1.358843122,2.137
1.358942962,2.132
1.359042802,2.127
1.359142642,2.117
1.359242482,2.112
1.359342322,2.107
1.359442162,2.102
1.359542002,2.096
1.359641842,2.091
1.359741682,2.086
1.359841522,2.086
1.359941362,2.091
1.360041202,2.091
1.360141042,2.096
1.360240882,2.096
1.360340722,2.102
1.360440562,2.102
1.360540402,2.107
1.360640242,2.107
1.360740082,2.112
1.360839922,2.112
1.360939762,2.117
1.361039602,2.117
1.361139442,2.122
1.361239282,2.122
1.361339122,2.127
1.361438962,2.127
1.361538802,2.132
1.361638642,2.132
1.361738482,2.137
1.361838322,2.137
1.361938162,2.143
1.362038002,2.143
1.362137842,2.148
1.362237682,2.148
1.362337522,2.153
1.362437362,2.153
1.362537202,2.153
1.362637042,2.158
1.362736882,2.158
1.362836722,2.163
1.362936562,2.163
1.363036402,2.168
1.363136242,2.168
1.363236082,2.173
1.363335922,2.173
1.363435762,2.173
1.363535602,2.178
1.363635442,2.178
1.363735282,2.183
1.363835122,2.183
1.363934962,2.183
1.364034802,2.189
1.364134642,2.189
1.364234482,2.194
1.364334322,2.194
1.364434162,2.189
1.364534002,2.183
1.364633842,2.178
1.364733682,2.168
1.364833522,2.168
1.364933362,2.163
1.365033202,2.153
1.365133042,2.148
1.365232882,2.143
1.365332722,2.137
1.365432562,2.132
1.365532402,2.122
1.365632242,2.117
1.365732082,2.112
1.365831922,2.107
1.365931762,2.102
1.366031602,2.091
1.366131442,2.086
1.366231282,2.081
1.366331122,2.086
1.366430962,2.091
1.366530802,2.091
1.366630642,2.096
1.366730482,2.096
1.366830322,2.102
1.366930162,2.102
1.367030002,2.107
1.367129842,2.107
1.367229682,2.112
1.367329522,2.112
1.367429362,2.117
1.367529202,2.117
1.367629042,2.122
1.367728882,2.122
1.367828722,2.127
1.367928562,2.127
1.368028402,2.132
1.368128242,2.132
1.368228082,2.137
1.368327922,2.137
1.368427762,2.137
1.368527602,2.143
1.368627442,2.143
1.368727282,2.148
1.368827122,2.153
1.368926962,2.153
1.369026802,2.153
1.369126642,2.158
1.369226482,2.158
1.369326322,2.163
1.369426162,2.163
1.369526002,2.168
1.369625842,2.168
1.369725682,2.168
1.369825522,2.173
1.369925362,2.173
1.370025202,2.173
1.370125042,2.178
1.370224882,2.178
1.370324722,2.183
1.370424562,2.183
1.370524402,2.189
1.370624242,2.189
1.370724082,2.189
1.370823922,2.194
1.370923762,2.194
1.371023602,2.189
1.371123442,2.183
1.371223282,2.178
1.371323122,2.168
1.371422962,2.168
1.371522802,2.158
1.371622642,2.153
1.371722482,2.148
1.371822322,2.143
1.371922162,2.137
1.372022002,2.127
1.372121842,2.122
1.372221682,2.117
1.372321522,2.112
1.372421362,2.102
1.372521202,2.096
1.372621042,2.091
1.372720882,2.086
1.372820722,2.086
1.372920562,2.086
1.373020402,2.091
1.373120242,2.091
1.373220082,2.096
1.373319922,2.096
1.373419762,2.102
1.373519602,2.102
1.373619442,2.107
1.373719282,2.107
1.373819122,2.112
1.373918962,2.112
1.374018802,2.117
1.374118642,2.117
1.374218482,2.122
1.374318322,2.122
1.374418162,2.127
1.374518002,2.127
1.374617842,2.132
1.374717682,2.132
1.374817522,2.132
1.374917362,2.137
1.375017202,2.137
1.375117042,2.143
1.375216882,2.143
1.375316722,2.148
1.375416562,2.148
1.375516402,2.153
1.375616242,2.153
1.375716082,2.158
1.375815922,2.158
1.375915762,2.163
1.376015602,2.163
1.376115442,2.163
1.376215282,2.168
1.376315122,2.168
1.376414962,2.168
1.376514802,2.173
1.376614642,2.173
1.376714482,2.173
1.376814322,2.178
1.376914162,2.183
1.377014002,2.183
1.377113842,2.183
1.377213682,2.189
1.377313522,2.189
1.377413362,2.189
1.377513202,2.194
1.377613042,2.194
1.377712882,2.183
1.377812722,2.178
1.377912562,2.173
1.378012402,2.168
1.378112242,2.163
1.378212082,2.158
1.378311922,2.148
1.378411762,2.143
1.378511602,2.137
1.378611442,2.132
1.378711282,2.122
1.378811122,2.117
1.378910962,2.112
1.379010802,2.107
1.379110642,2.102
1.379210482,2.096
1.379310322,2.086
1.379410162,2.081
1.379510002,2.081
1.379609842,2.081
1.379709682,2.086
1.379809522,2.086
1.379909362,2.091
1.380009202,2.091
1.380109042,2.096
1.380208882,2.096
1.380308722,2.102
1.380408562,2.102
1.380508402,2.107
1.380608242,2.107
1.380708082,2.112
1.380807922,2.112
1.380907762,2.117
1.381007602,2.117
1.381107442,2.122
1.381207282,2.122
1.381307122,2.122
1.381406962,2.127
1.381506802,2.127
1.381606642,2.132
1.381706482,2.132
1.381806322,2.137
1.381906162,2.137
1.382006002,2.143
1.382105842,2.143
1.382205682,2.148
1.382305522,2.148
1.382405362,2.153
1.382505202,2.153
1.382605042,2.153
1.382704882,2.158
1.382804722,2.158
1.382904562,2.163
1.383004402,2.163
1.383104242,2.168
1.383204082,2.168
1.383303922,2.168
1.383403762,2.173
1.383503602,2.173
1.383603442,2.173
1.383703282,2.178
1.383803122,2.178
1.383902962,2.183
1.384002802,2.183
1.384102642,2.189
1.384202482,2.189
1.384302322,2.189
1.384402162,2.194
1.384502002,2.194
1.384601842,2.189
1.384701682,2.183
1.384801522,2.178
1.384901362,2.173
1.385001202,2.168
1.385101042,2.158
1.385200882,2.153
1.385300722,2.148
1.385400562,2.143
1.385500402,2.137
1.385600242,2.127
1.385700082,2.122
1.385799922,2.117
1.385899762,2.112
1.385999602,2.107
1.386099442,2.096
1.386199282,2.091
1.386299122,2.086
1.386398962,2.081
1.386498802,2.071
1.386598642,2.066
1.386698482,2.061
1.386798322,2.061
1.386898162,2.056
1.386998002,2.050
1.387097842,2.045
1.387197682,2.045
1.387297522,2.050
1.387397362,2.050
1.387497202,2.056
1.387597042,2.056
1.387696882,2.061
1.387796722,2.061
1.387896562,2.066
1.387996402,2.066
1.388096242,2.071
1.388196082,2.071
1.388295922,2.076
1.388395762,2.076
1.388495602,2.081
1.388595442,2.081
1.388695282,2.086
1.388795122,2.086
1.388894962,2.091
1.388994802,2.091
1.389094642,2.096
1.389194482,2.096
1.389294322,2.102
1.389394162,2.102
1.389494002,2.107
1.389593842,2.107
1.389693682,2.112
1.389793522,2.112
1.389893362,2.112
1.389993202,2.117
1.390093042,2.117
1.390192882,2.122
1.390292722,2.122
1.390392562,2.127
1.390492402,2.127
1.390592242,2.132
1.390692082,2.132
1.390791922,2.132
1.390891762,2.137
1.390991602,2.143
1.391091442,2.143
1.391191282,2.143
1.391291122,2.148
1.391390962,2.148
1.391490802,2.153
1.391590642,2.153
1.391690482,2.158
1.391790322,2.158
1.391890162,2.158
1.391990002,2.163
1.392089842,2.163
1.392189682,2.168
1.392289522,2.168
1.392389362,2.168
1.392489202,2.173
1.392589042,2.173
1.392688882,2.173
1.392788722,2.178
1.392888562,2.178
1.392988402,2.178
1.393088242,2.183
1.393188082,2.183
1.393287922,2.189
1.393387762,2.189
1.393487602,2.194
1.393587442,2.194
1.393687282,2.189
1.393787122,2.189
1.393886962,2.178
1.393986802,2.173
1.394086642,2.168
1.394186482,2.163
1.394286322,2.153
1.394386162,2.148
1.394486002,2.143
1.394585842,2.137
1.394685682,2.132
1.394785522,2.122
1.394885362,2.117
1.394985202,2.112
1.395085042,2.107
1.395184882,2.102
1.395284722,2.091
1.395384562,2.086
1.395484402,2.081
1.395584242,2.076
1.395684082,2.066
1.395783922,2.061
1.395883762,2.056
1.395983602,2.056
1.396083442,2.050
1.396183282,2.045
1.396283122,2.045
1.396382962,2.045
1.396482802,2.050
1.396582642,2.056
1.396682482,2.056
1.396782322,2.056
1.396882162,2.061
1.396982002,2.066
1.397081842,2.066
1.397181682,2.066
1.397281522,2.071
1.397381362,2.076
1.397481202,2.076
1.397581042,2.081
1.397680882,2.081
1.397780722,2.081
1.397880562,2.086
1.397980402,2.086
1.398080242,2.091
1.398180082,2.091
1.398279922,2.096
1.398379762,2.096
1.398479602,2.102
1.398579442,2.102
1.398679282,2.107
1.398779122,2.107
1.398878962,2.112
1.398978802,2.112
1.399078642,2.112
1.399178482,2.117
1.399278322,2.122
1.399378162,2.122
1.399478002,2.122
1.399577842,2.127
1.399677682,2.127
1.399777522,2.132
1.399877362,2.132
1.399977202,2.137
1.400077042,2.137
1.400176882,2.137
1.400276722,2.143
1.400376562,2.143
1.400476402,2.148
1.400576242,2.148
1.400676082,2.153
1.400775922,2.153
1.400875762,2.153
1.400975602,2.158
1.401075442,2.158
1.401175282,2.163
1.401275122,2.163
1.401374962,2.168
1.401474802,2.168
1.401574642,2.168
1.401674482,2.173
1.401774322,2.173
1.401874162,2.173
1.401974002,2.178
1.402073842,2.178
1.402173682,2.183
1.402273522,2.183
1.402373362,2.183
1.402473202,2.189
1.402573042,2.189
1.402672882,2.194
1.402772722,2.194
1.402872562,2.189
1.402972402,2.183
1.403072242,2.178
1.403172082,2.173
1.403271922,2.168
1.403371762,2.163
1.403471602,2.153
1.403571442,2.148
1.403671282,2.143
1.403771122,2.137
1.403870962,2.132
1.403970802,2.122
1.404070642,2.117
1.404170482,2.112
1.404270322,2.107
1.404370162,2.096
1.404470002,2.091
1.404569842,2.086
1.404669682,2.081
1.404769522,2.076
1.404869362,2.066
1.404969202,2.061
1.405069042,2.056
1.405168882,2.056
1.405268722,2.050
1.405368562,2.045
1.405468402,2.045
1.405568242,2.045
1.405668082,2.050
1.405767922,2.050
1.405867762,2.056
1.405967602,2.056
1.406067442,2.061
1.406167282,2.066
1.406267122,2.066
1.406366962,2.066
1.406466802,2.071
1.406566642,2.071
1.406666482,2.076
1.406766322,2.081
1.406866162,2.081
1.406966002,2.081
1.407065842,2.086
1.407165682,2.086
1.407265522,2.091
1.407365362,2.091
1.407465202,2.096
1.407565042,2.096
1.407664882,2.102
1.407764722,2.102
1.407864562,2.107
1.407964402,2.107
1.408064242,2.107
1.408164082,2.112
1.408263922,2.112
1.408363762,2.117
1.408463602,2.117
1.408563442,2.122
1.408663282,2.122
1.408763122,2.127
1.408862962,2.127
1.408962802,2.127
1.409062642,2.132
1.409162482,2.132
1.409262322,2.137
1.409362162,2.137
1.409462002,2.143
1.409561842,2.143
1.409661682,2.148
1.409761522,2.148
1.409861362,2.153
1.409961202,2.153
1.410061042,2.153
1.410160882,2.158
1.410260722,2.158
1.410360562,2.163
1.410460402,2.163
1.410560242,2.163
1.410660082,2.168
1.410759922,2.168
1.410859762,2.168
1.410959602,2.173
1.411059442,2.173
1.411159282,2.178
1.411259122,2.178
1.411358962,2.178
1.411458802,2.183
1.411558642,2.183
1.411658482,2.183
1.411758322,2.189
1.411858162,2.189
1.411958002,2.194
1.412057842,2.194
1.412157682,2.189
1.412257522,2.183
1.412357362,2.173
1.412457202,2.168
1.412557042,2.163
1.412656882,2.158
1.412756722,2.153
1.412856562,2.148
1.412956402,2.137
1.413056242,2.132
1.413156082,2.127
1.413255922,2.122
1.413355762,2.112
1.413455602,2.107
1.413555442,2.102
1.413655282,2.096
1.413755122,2.091
1.413854962,2.086
1.413954802,2.081
1.414054642,2.071
1.414154482,2.061
1.414254322,2.061
1.414354162,2.056
1.414454002,2.050
1.414553842,2.045
1.414653682,2.045
1.414753522,2.045
1.414853362,2.050
1.414953202,2.050
1.415053042,2.056
1.415152882,2.056
1.415252722,2.061
1.415352562,2.061
1.415452402,2.066
1.415552242,2.066
1.415652082,2.071
1.415751922,2.071
1.415851762,2.076
1.415951602,2.076
1.416051442,2.081
1.416151282,2.081
1.416251122,2.081
1.416350962,2.086
1.416450802,2.091
1.416550642,2.091
1.416650482,2.091
1.416750322,2.096
1.416850162,2.096
1.416950002,2.102
1.417049842,2.102
1.417149682,2.107
1.417249522,2.107
1.417349362,2.112
1.417449202,2.112
1.417549042,2.117
1.417648882,2.117
1.417748722,2.122
1.417848562,2.122
1.417948402,2.122
1.418048242,2.127
1.418148082,2.127
1.418247922,2.132
1.418347762,2.132
1.418447602,2.132
1.418547442,2.137
1.418647282,2.137
1.418747122,2.143
1.418846962,2.143
1.418946802,2.148
1.419046642,2.148
1.419146482,2.153
1.419246322,2.153
1.419346162,2.153
1.419446002,2.158
1.419545842,2.158
1.419645682,2.163
1.419745522,2.163
1.419845362,2.168
1.419945202,2.168
1.420045042,2.168
1.420144882,2.173
1.420244722,2.173
1.420344562,2.173
1.420444402,2.178
1.420544242,2.178
1.420644082,2.183
1.420743922,2.183
1.420843762,2.183
1.420943602,2.189
1.421043442,2.189
1.421143282,2.189
1.421243122,2.194
1.421342962,2.194
1.421442802,2.189
1.421542642,2.178
1.421642482,2.173
1.421742322,2.168
1.421842162,2.163
1.421942002,2.158
1.422041842,2.148
1.422141682,2.143
1.422241522,2.137
1.422341362,2.132
1.422441202,2.122
1.422541042,2.117
1.422640882,2.112
1.422740722,2.107
1.422840562,2.102
1.422940402,2.096
1.423040242,2.086
1.423140082,2.081
1.423239922,2.076
1.423339762,2.066
1.423439602,2.061
1.423539442,2.056
1.423639282,2.056
1.423739122,2.050
1.423838962,2.045
1.423938802,2.040
1.424038642,2.045
1.424138482,2.050
1.424238322,2.050
1.424338162,2.056
1.424438002,2.056
1.424537842,2.061
1.424637682,2.061
1.424737522,2.066
1.424837362,2.066
1.424937202,2.071
1.425037042,2.071
1.425136882,2.076
1.425236722,2.076
1.425336562,2.081
1.425436402,2.081
1.425536242,2.086
1.425636082,2.086
1.425735922,2.091
1.425835762,2.091
1.425935602,2.091
1.426035442,2.096
1.426135282,2.096
1.426235122,2.102
1.426334962,2.102
1.426434802,2.107
1.426534642,2.107
1.426634482,2.112
1.426734322,2.112
1.426834162,2.117
1.426934002,2.117
1.427033842,2.122
1.427133682,2.122
1.427233522,2.122
1.427333362,2.127
1.427433202,2.127
1.427533042,2.132
1.427632882,2.132
1.427732722,2.132
1.427832562,2.137
1.427932402,2.143
1.428032242,2.143
1.428132082,2.143
1.428231922,2.148
1.428331762,2.148
1.428431602,2.153
1.428531442,2.153
1.428631282,2.153
1.428731122,2.158
1.428830962,2.158
1.428930802,2.163
1.429030642,2.163
1.429130482,2.168
1.429230322,2.168
1.429330162,2.168
1.429430002,2.168
1.429529842,2.173
1.429629682,2.173
1.429729522,2.178
1.429829362,2.178
1.429929202,2.178
1.430029042,2.183
1.430128882,2.183
1.430228722,2.183
1.430328562,2.189
1.430428402,2.189
1.430528242,2.194
1.430628082,2.194
1.430727922,2.189
1.430827762,2.178
1.430927602,2.173
1.431027442,2.168
1.431127282,2.163
1.431227122,2.153
1.431326962,2.148
1.431426802,2.143
1.431526642,2.137
1.431626482,2.132
1.431726322,2.122
1.431826162,2.117
1.431926002,2.112
1.432025842,2.107
1.432125682,2.102
1.432225522,2.091
1.432325362,2.086
1.432425202,2.081
1.432525042,2.076
1.432624882,2.066
1.432724722,2.061
1.432824562,2.056
1.432924402,2.056
1.433024242,2.050
1.433124082,2.045
1.433223922,2.040
1.433323762,2.045
1.433423602,2.050
1.433523442,2.050
1.433623282,2.050
1.433723122,2.056
1.433822962,2.061
1.433922802,2.061
1.434022642,2.061
1.434122482,2.066
1.434222322,2.071
1.434322162,2.071
1.434422002,2.076
1.434521842,2.076
1.434621682,2.076
1.434721522,2.081
1.434821362,2.081
1.434921202,2.086
1.435021042,2.086
1.435120882,2.091
1.435220722,2.091
1.435320562,2.096
1.435420402,2.096
1.435520242,2.102
1.435620082,2.102
1.435719922,2.107
1.435819762,2.107
1.435919602,2.107
1.436019442,2.112
1.436119282,2.112
1.436219122,2.117
1.436318962,2.117
1.436418802,2.122
1.436518642,2.122
1.436618482,2.122
1.436718322,2.127
1.436818162,2.127
1.436918002,2.132
1.437017842,2.137
1.437117682,2.137
1.437217522,2.137
1.437317362,2.143
1.437417202,2.143
1.437517042,2.148
1.437616882,2.148
1.437716722,2.148
1.437816562,2.153
1.437916402,2.153
1.438016242,2.158
1.438116082,2.158
1.438215922,2.163
1.438315762,2.163
1.438415602,2.163
1.438515442,2.168
1.438615282,2.168
1.438715122,2.173
1.438814962,2.173
1.438914802,2.173
1.439014642,2.173
1.439114482,2.178
1.439214322,2.178
1.439314162,2.183
1.439414002,2.183
1.439513842,2.183
1.439613682,2.189
1.439713522,2.194
1.439813362,2.194
1.439913202,2.194
1.440013042,2.189
1.440112882,2.178
1.440212722,2.173
1.440312562,2.168
1.440412402,2.163
1.440512242,2.158
1.440612082,2.153
1.440711922,2.143
1.440811762,2.137
1.440911602,2.132
1.441011442,2.127
1.441111282,2.122
1.441211122,2.112
1.441310962,2.107
1.441410802,2.102
1.441510642,2.096
1.441610482,2.086
1.441710322,2.081
1.441810162,2.076
1.441910002,2.066
1.442009842,2.061
1.442109682,2.056
1.442209522,2.056
1.442309362,2.050
1.442409202,2.045
1.442509042,2.040
1.442608882,2.045
1.442708722,2.045
1.442808562,2.050
1.442908402,2.050
1.443008242,2.056
1.443108082,2.061
1.443207922,2.061
1.443307762,2.061
1.443407602,2.066
1.443507442,2.071
1.443607282,2.071
1.443707122,2.071
1.443806962,2.076
1.443906802,2.076
1.444006642,2.081
1.444106482,2.081
1.444206322,2.086
1.444306162,2.086
1.444406002,2.091
1.444505842,2.091
1.444605682,2.091
1.444705522,2.096
1.444805362,2.096
1.444905202,2.102
1.445005042,2.102
1.445104882,2.107
1.445204722,2.107
1.445304562,2.112
1.445404402,2.112
1.445504242,2.117
1.445604082,2.117
1.445703922,2.117
1.445803762,2.122
1.445903602,2.122
1.446003442,2.127
1.446103282,2.127
1.446203122,2.132
1.446302962,2.132
1.446402802,2.137
1.446502642,2.137
1.446602482,2.137
1.446702322,2.143
1.446802162,2.148
1.446902002,2.148
1.447001842,2.148
1.447101682,2.153
1.447201522,2.153
1.447301362,2.153
1.447401202,2.158
1.447501042,2.163
1.447600882,2.163
1.447700722,2.163
1.447800562,2.168
1.447900402,2.168
1.448000242,2.168
1.448100082,2.173
1.448199922,2.173
1.448299762,2.173
1.448399602,2.178
1.448499442,2.178
1.448599282,2.183
1.448699122,2.183
1.448798962,2.183
1.448898802,2.189
1.448998642,2.189
1.449098482,2.194
1.449198322,2.194
1.449298162,2.189
1.449398002,2.183
1.449497842,2.178
1.449597682,2.173
1.449697522,2.168
1.449797362,2.158
1.449897202,2.153
1.449997042,2.148
1.450096882,2.143
1.450196722,2.137
1.450296562,2.127
1.450396402,2.122
1.450496242,2.117
1.450596082,2.112
1.450695922,2.107
1.450795762,2.096
1.450895602,2.091
1.450995442,2.086
1.451095282,2.076
1.451195122,2.071
1.451294962,2.066
1.451394802,2.061
1.451494642,2.056
1.451594482,2.056
1.451694322,2.050
1.451794162,2.045
1.451894002,2.045
1.451993842,2.045
1.452093682,2.050
1.452193522,2.050
1.452293362,2.056
1.452393202,2.056
1.452493042,2.061
1.452592882,2.061
1.452692722,2.066
1.452792562,2.066
1.452892402,2.071
1.452992242,2.071
1.453092082,2.076
1.453191922,2.076
1.453291762,2.076
1.453391602,2.081
1.453491442,2.086
1.453591282,2.086
1.453691122,2.086
1.453790962,2.091
1.453890802,2.091
1.453990642,2.096
1.454090482,2.096
1.454190322,2.102
1.454290162,2.102
1.454390002,2.107
1.454489842,2.107
1.454589682,2.112
1.454689522,2.112
1.454789362,2.117
1.454889202,2.117
1.454989042,2.117
1.455088882,2.122
1.455188722,2.122
1.455288562,2.127
1.455388402,2.127
1.455488242,2.132
1.455588082,2.132
1.455687922,2.132
1.455787762,2.137
1.455887602,2.137
1.455987442,2.143
1.456087282,2.143
1.456187122,2.148
1.456286962,2.148
1.456386802,2.153
1.456486642,2.153
1.456586482,2.153
1.456686322,2.158
1.456786162,2.158
1.456886002,2.163
1.456985842,2.163
1.457085682,2.168
1.457185522,2.168
1.457285362,2.168
1.457385202,2.168
1.457485042,2.173
1.457584882,2.173
1.457684722,2.178
1.457784562,2.178
1.457884402,2.178
1.457984242,2.183
1.458084082,2.183
1.458183922,2.189
1.458283762,2.189
1.458383602,2.194
1.458483442,2.194
1.458583282,2.194
1.458683122,2.189
1.458782962,2.178
1.458882802,2.173
1.458982642,2.168
1.459082482,2.163
1.459182322,2.153
1.459282162,2.148
1.459382002,2.143
1.459481842,2.137
1.459581682,2.132
1.459681522,2.122
1.459781362,2.117
1.459881202,2.112
1.459981042,2.107
1.460080882,2.096
1.460180722,2.091
1.460280562,2.086
1.460380402,2.081
1.460480242,2.076
1.460580082,2.066
1.460679922,2.061
1.460779762,2.056
1.460879602,2.050
1.460979442,2.050
1.461079282,2.045
1.461179122,2.040
1.461278962,2.045
1.461378802,2.050
1.461478642,2.050
1.461578482,2.056
1.461678322,2.056
1.461778162,2.061
1.461878002,2.061
1.461977842,2.061
1.462077682,2.066
1.462177522,2.071
1.462277362,2.071
1.462377202,2.076
1.462477042,2.076
1.462576882,2.081
1.462676722,2.081
1.462776562,2.081
1.462876402,2.086
1.462976242,2.086
1.463076082,2.091
1.463175922,2.091
1.463275762,2.096
1.463375602,2.096
1.463475442,2.102
1.463575282,2.102
1.463675122,2.107
1.463774962,2.107
1.463874802,2.112
1.463974642,2.112
1.464074482,2.112
1.464174322,2.117
1.464274162,2.117
1.464374002,2.122
1.464473842,2.122
1.464573682,2.127
1.464673522,2.127
1.464773362,2.132
1.464873202,2.132
1.464973042,2.132
1.465072882,2.137
1.465172722,2.137
1.465272562,2.137
1.465372402,2.143
1.465472242,2.148
1.465572082,2.148
1.465671922,2.148
1.465771762,2.153
1.465871602,2.153
1.465971442,2.158
1.466071282,2.158
1.466171122,2.163
1.466270962,2.163
1.466370802,2.163
1.466470642,2.168
1.466570482,2.168
1.466670322,2.168
1.466770162,2.173
1.466870002,2.173
1.466969842,2.173
1.467069682,2.178
1.467169522,2.178
1.467269362,2.183
1.467369202,2.183
1.467469042,2.189
1.467568882,2.189
1.467668722,2.189
1.467768562,2.194
1.467868402,2.194
1.467968242,2.189
1.468068082,2.183
1.468167922,2.178
1.468267762,2.168
1.468367602,2.168
1.468467442,2.158
1.468567282,2.153
1.468667122,2.148
1.468766962,2.137
1.468866802,2.132
1.468966642,2.127
1.469066482,2.122
1.469166322,2.117
1.469266162,2.107
1.469366002,2.102
1.469465842,2.096
1.469565682,2.091
1.469665522,2.086
1.469765362,2.081
1.469865202,2.071
1.469965042,2.061
1.470064882,2.061
1.470164722,2.056
1.470264562,2.056
1.470364402,2.045
1.470464242,2.045
1.470564082,2.045
1.470663922,2.045
1.470763762,2.050
1.470863602,2.050
1.470963442,2.056
1.471063282,2.056
1.471163122,2.061
1.471262962,2.061
1.471362802,2.066
1.471462642,2.066
1.471562482,2.071
1.471662322,2.071
1.471762162,2.076
1.471862002,2.076
1.471961842,2.081
1.472061682,2.081
1.472161522,2.086
1.472261362,2.086
1.472361202,2.091
1.472461042,2.091
1.472560882,2.096
1.472660722,2.096
1.472760562,2.096
1.472860402,2.102
1.472960242,2.102
1.473060082,2.107
1.473159922,2.107
1.473259762,2.112
1.473359602,2.112
1.473459442,2.117
1.473559282,2.117
1.473659122,2.117
1.473758962,2.122
1.473858802,2.122
1.473958642,2.127
1.474058482,2.127
1.474158322,2.132
1.474258162,2.132
1.474358002,2.137
1.474457842,2.137
1.474557682,2.137
1.474657522,2.143
1.474757362,2.143
1.474857202,2.148
1.474957042,2.148
1.475056882,2.153
1.475156722,2.153
1.475256562,2.153
1.475356402,2.158
1.475456242,2.158
1.475556082,2.163
1.475655922,2.163
1.475755762,2.168
1.475855602,2.168
1.475955442,2.168
1.476055282,2.173
1.476155122,2.173
1.476254962,2.173
1.476354802,2.178
1.476454642,2.178
1.476554482,2.178
1.476654322,2.183
1.476754162,2.183
1.476854002,2.189
1.476953842,2.189
1.477053682,2.194
1.477153522,2.194
1.477253362,2.189
1.477353202,2.189
1.477453042,2.178
1.477552882,2.173
1.477652722,2.168
1.477752562,2.163
1.477852402,2.153
1.477952242,2.148
1.478052082,2.143
1.478151922,2.137
1.478251762,2.127
1.478351602,2.122
1.478451442,2.117
1.478551282,2.107
1.478651122,2.107
1.478750962,2.096
1.478850802,2.091
1.478950642,2.086
1.479050482,2.081
1.479150322,2.076
1.479250162,2.066
1.479350002,2.061
1.479449842,2.056
1.479549682,2.056
1.479649522,2.050
1.479749362,2.045
1.479849202,2.040
1.479949042,2.045
1.480048882,2.050
1.480148722,2.050
1.480248562,2.056
1.480348402,2.056
1.480448242,2.061
1.480548082,2.061
1.480647922,2.066
1.480747762,2.066
1.480847602,2.066
1.480947442,2.071
1.481047282,2.076
1.481147122,2.076
1.481246962,2.081
1.481346802,2.081
1.481446642,2.086
1.481546482,2.086
1.481646322,2.086
1.481746162,2.091
1.481846002,2.091
1.481945842,2.096
1.482045682,2.096
1.482145522,2.102
1.482245362,2.102
1.482345202,2.107
1.482445042,2.107
1.482544882,2.112
1.482644722,2.112
1.482744562,2.117
1.482844402,2.117
1.482944242,2.122
1.483044082,2.122
1.483143922,2.122
1.483243762,2.127
1.483343602,2.127
1.483443442,2.132
1.483543282,2.132
1.483643122,2.137
1.483742962,2.137
1.483842802,2.137
1.483942642,2.143
1.484042482,2.143
1.484142322,2.148
1.484242162,2.148
1.484342002,2.148
1.484441842,2.153
1.484541682,2.158
1.484641522,2.158
1.484741362,2.158
1.484841202,2.163
1.484941042,2.163
1.485040882,2.168
1.485140722,2.168
1.485240562,2.168
1.485340402,2.173
1.485440242,2.173
1.485540082,2.173
1.485639922,2.178
1.485739762,2.178
1.485839602,2.178
1.485939442,2.183
1.486039282,2.183
1.486139122,2.189
1.486238962,2.189
1.486338802,2.189
1.486438642,2.194
1.486538482,2.194
1.486638322,2.189
1.486738162,2.178
1.486838002,2.173
1.486937842,2.168
1.487037682,2.163
1.487137522,2.158
1.487237362,2.148
1.487337202,2.143
1.487437042,2.137
1.487536882,2.132
1.487636722,2.122
1.487736562,2.117
1.487836402,2.112
1.487936242,2.107
1.488036082,2.102
1.488135922,2.091
1.488235762,2.086
1.488335602,2.081
1.488435442,2.076
1.488535282,2.066
1.488635122,2.061
1.488734962,2.056
1.488834802,2.056
1.488934642,2.050
1.489034482,2.045
1.489134322,2.040
1.489234162,2.045
1.489334002,2.050
1.489433842,2.050
1.489533682,2.056
1.489633522,2.056
1.489733362,2.061
1.489833202,2.061
1.489933042,2.066
1.490032882,2.066
1.490132722,2.071
1.490232562,2.071
1.490332402,2.076
1.490432242,2.076
1.490532082,2.081
1.490631922,2.081
1.490731762,2.086
1.490831602,2.086
1.490931442,2.086
1.491031282,2.091
1.491131122,2.091
1.491230962,2.096
1.491330802,2.096
1.491430642,2.102
1.491530482,2.102
1.491630322,2.107
1.491730162,2.107
1.491830002,2.112
1.491929842,2.112
1.492029682,2.112
1.492129522,2.117
1.492229362,2.117
1.492329202,2.122
1.492429042,2.122
1.492528882,2.127
1.492628722,2.127
1.492728562,2.132
1.492828402,2.132
1.492928242,2.132
1.493028082,2.137
1.493127922,2.137
1.493227762,2.143
1.493327602,2.143
1.493427442,2.148
1.493527282,2.148
1.493627122,2.148
1.493726962,2.153
1.493826802,2.153
1.493926642,2.158
1.494026482,2.158
1.494126322,2.163
1.494226162,2.163
1.494326002,2.168
1.494425842,2.168
1.494525682,2.168
1.494625522,2.168
1.494725362,2.173
1.494825202,2.173
1.494925042,2.178
1.495024882,2.178
1.495124722,2.178
1.495224562,2.183
1.495324402,2.183
1.495424242,2.183
1.495524082,2.189
1.495623922,2.194
1.495723762,2.194
1.495823602,2.194
1.495923442,2.189
1.496023282,2.178
1.496123122,2.173
1.496222962,2.168
1.496322802,2.163
1.496422642,2.158
1.496522482,2.153
1.496622322,2.143
1.496722162,2.137
1.496822002,2.132
1.496921842,2.127
1.497021682,2.117
1.497121522,2.112
1.497221362,2.107
1.497321202,2.102
1.497421042,2.096
1.497520882,2.091
1.497620722,2.086
1.497720562,2.076
1.497820402,2.066
1.497920242,2.061
1.498020082,2.056
1.498119922,2.056
1.498219762,2.050
1.498319602,2.045
1.498419442,2.040
1.498519282,2.045
1.498619122,2.045
1.498718962,2.050
1.498818802,2.056
1.498918642,2.056
1.499018482,2.061
1.499118322,2.061
1.499218162,2.066
1.499318002,2.066
1.499417842,2.071
1.499517682,2.071
1.499617522,2.076
1.499717362,2.076
1.499817202,2.081
